4.497714888793395,-2.0261386533420036,0.20881813045314426,-80.32,-77.49,427.39
4.5106249559260325,-2.0282797125611394,0.20383285373169285,-79.75,-76.68,470.86
4.516560229508822,-2.020757647387516,0.2046703796261732,-88.58,-81.22,353.54
4.493087363078897,-2.0093747849585184,0.23350967798429786,-88.55,-82.4,376.87
4.394512351916064,-1.9966546832368952,0.27623519171705735,-88.56,-79.75,305.79
4.298456368077093,-2.0283803207528557,0.305380037825506,-89.21,-81.93,306.75
4.167900909331124,-2.037282927205973,0.25040050118392826,-91.42,-82.77,264.63
4.015580572505476,-2.087677532998717,0.21489645244158465,-94.23,-86.29,248.35
3.829772016832457,-2.1367794810892478,0.21611972203721183,-90.68,-84.28,281.69
3.6265977476280695,-2.17109244790704,0.1974255472781458,-92.62,-83.12,253.65
3.4002906267951154,-2.210912301874772,0.19991079923470623,-88.77,-79.24,317.43
3.118151145218003,-2.2634733881579994,0.18994046466653805,-87.88,-79.79,330.79
2.897489571678737,-2.302633337384014,0.19146683712340784,-90.38,-77.64,196.67
2.5885223078214814,-2.3250141100904926,0.20574238299703235,-84.64,-79.7,482.42
2.319354394443703,-2.344267980194533,0.21008820496860167,-91.47,-82.7,263.1
2.008897418096598,-2.3692705434234873,0.20852913377157656,-91.4,-80.07,229.15
1.7019658502987236,-2.391208258163514,0.21662629019077953,-86.71,-77.81,392.06
1.4036338447455299,-2.405461065012502,0.2124775090920489,-79.64,-75.23,459.08
1.1216191543680283,-2.410611528182368,0.21299067500445948,-81.2,-75.05,533.94
0.8138017833290229,-2.39907382233311,0.22061133156966597,-77.93,-74.17,444.33
0.5292365863625687,-2.3990967363556823,0.2047119812363625,-79.19,-74.32,436.73
0.3080879457157834,-2.4110977348177784,0.20633395515560676,-81.61,-74.87,385.86
0.08159247666149425,-2.4012056898311815,0.2065608050049683,-79.31,-74.4,431.18
-0.117105315794015,-2.3996241426317497,0.21435301932094641,-80.54,-74.89,425.08
-0.36889230241865156,-2.4155259249864516,0.18022792441639146,-73.72,-70.19,359.44
-0.5640770131046468,-2.4258357313784393,0.17487816980469073,-76.37,-70.44,338.95
-0.8189070652528022,-2.4193057856174396,0.1605066091866245,-73.6,-70.53,356.87
-1.243298137935263,-2.4681077433712013,0.1547575656072902,-73.27,-71.05,354.68
-1.5237388358546422,-2.5211897664370837,0.14425154212315539,-74.16,-70.96,520.72
-1.9035560402346803,-2.557042475396992,0.14310112179630555,-78.69,-74.48,438.8
-2.208030002251283,-2.5510535735811937,0.16251010840499927,-89.35,-81.48,324.94
-2.5362621400518384,-2.5606218629109647,0.15007111560342706,-90.1,-81.68,306.15
-2.8368698705798265,-2.5890584048189,0.14137447224343613,-91.94,-84.65,147.5
-3.1179391674033097,-2.6181246136155267,0.1376364571823006,-91.18,-79.42,224.37
-3.3775339566071434,-2.640446882438086,0.1530163756776402,-89.54,-80.81,312.48
-3.6665705430309616,-2.6791805453032245,0.15090290907072174,-88.99,-78.47,327.15
-3.938722464767089,-2.7151270739383477,0.13971792770363622,-88.63,-81.66,335.83
-4.181904265424195,-2.738427565705904,0.13155861282014938,-91.18,-83.43,275.7
-4.900182703782305,-2.7552102634103646,0.13004628967740334,-92.34,-85.3,269.0
-5.044125647739067,-2.6608614529240397,0.1581793804655982,-99.98,-88.66,96.45
-5.154131303879196,-2.58516313146757,0.2112051055796341,-103.51,-89.11,69.09
-5.258342779443131,-2.572742234063692,0.24905158792360288,-91.04,-84.7,331.07
-5.320908291281993,-2.4832317793811254,0.20868737364975298,-90.28,-83.9,286.08
-5.280281935511187,-2.4954849988480263,0.2054880298659643,-89.75,-82.75,331.29
-5.17371497310909,-2.4670388857052674,0.24686337351014848,-90.92,-85.99,291.59
-5.058265733242197,-2.4345834978499004,0.2535766510335825,-89.69,-84.21,327.46
-4.925443775468973,-2.3386003360540797,0.2591367984635953,-87.0,-81.76,347.44
-4.817329928392391,-2.330025722644985,0.24645758758728895,-86.05,-78.72,356.6
-4.664312240946669,-2.30977523566655,0.25689537198889795,-86.48,-80.8,322.08
-4.238411155067222,-2.312531584897354,0.2431966557388319,-86.51,-79.61,349.17
-3.941074648007152,-2.3111580560068776,0.21974377725541208,-81.83,-77.73,485.53
-3.623984349627006,-2.2577673144252,0.22394736960864076,-80.06,-75.99,444.27
-3.3395424327781678,-2.2034066198393605,0.23406579181708398,-82.86,-77.47,421.55
-3.055769040892456,-2.1251162036662565,0.2596377122452748,-78.09,-74.05,421.92
-2.7525358457169613,-2.0725301424215017,0.25917231145176933,-80.42,-72.36,387.05
-2.483646740200036,-2.045597806843924,0.25350404691139733,-82.13,-76.29,497.25
-2.2345620836884845,-2.0481010138953706,0.2230759682289706,-79.11,-74.16,453.64
-1.9199903161081902,-2.0339953489316005,0.22391454794389487,-82.61,-78.09,356.02
-1.6396160353535956,-2.0305388007580363,0.20390569089030533,-78.0,-74.42,445.41
-1.3804394567120404,-2.0273537778781465,0.20131272721107832,-86.05,-76.53,330.93
-1.1259509972416704,-2.026384217875064,0.20057857487232458,-77.57,-72.56,523.11
-0.8801000240483795,-1.9864120718579337,0.21218118494170451,-73.51,-71.36,448.0
-0.6860578750949355,-1.9357094978517306,0.20711749265283805,-73.19,-70.52,416.48
-0.5467307904746345,-1.9027639321640761,0.19749788216418104,-73.45,-70.26,351.62
-0.39917003227875797,-1.8263023633492497,0.22905004067757295,-72.03,-68.71,318.73
-0.33394788580400825,-1.6614464703862528,0.3048631533534843,-74.1,-69.58,463.18
-0.3273953893415571,-1.64337592477155,0.31061384970600214,-73.85,-69.01,291.41
-0.12474545393286388,-1.7230346929453222,0.2893115588649506,-72.91,-68.19,234.34
0.016051223640682524,-1.7965461867254648,0.2786621354228961,-72.8,-69.94,488.06
0.037937503230916936,-1.8136169585909312,0.27190246295113485,-76.67,-71.32,395.33
0.06818646665798653,-1.8082410273619118,0.2405442403472183,-76.38,-70.38,405.0
0.12769332982395895,-1.7662185049476589,0.21876950585835206,-73.08,-70.05,204.09
0.22595520411820919,-1.7220220089574463,0.20562363369817985,-73.44,-68.93,312.75
0.39456133699774,-1.6246438109282832,0.19462391080020525,-73.6,-68.2,180.61
0.5652273184931971,-1.5775839965009142,0.21021984252214318,-73.45,-68.81,207.8
0.7216019343686201,-1.6243432963873978,0.2326426214102982,-73.4,-70.32,292.58
1.0532704118701122,-1.7180540750771647,0.22229794950226955,-79.74,-74.08,426.75
1.2694194242766017,-1.7329270808325044,0.24677157305524533,-77.07,-71.27,437.6
1.4750356392677582,-1.7587208493048827,0.264398362397114,-84.3,-76.11,385.41
1.6699931694935766,-1.7958933559918353,0.25595789212501674,-89.71,-78.04,298.3
1.857974605514353,-1.83226812645483,0.25033876508973263,-81.69,-75.19,396.88
2.074234825432724,-1.8389197658277412,0.26126318700281287,-78.2,-73.97,465.08
2.275628822042594,-1.8361029892819394,0.2807937178295481,-78.59,-75.01,420.35
2.528135120823471,-1.8142817194372114,0.27536062749559126,-80.64,-76.9,404.96
2.7732067079815512,-1.8021039110128099,0.2587339903802525,-84.63,-78.52,408.5
3.0269659626283225,-1.8109434872466599,0.25048730052341744,-86.95,-79.81,416.05
3.295793777685048,-1.8176195049426545,0.2500298711311682,-93.17,-81.29,95.55
3.5865821690605686,-1.7982090583886146,0.24907532803028415,-84.46,-79.01,362.45
3.8424929420675977,-1.771580146035928,0.22688512158816143,-84.46,-78.6,447.45
4.069129772301682,-1.7477645666541695,0.22938830362888524,-90.45,-82.24,212.19
4.267073050771183,-1.7144354930476566,0.2461535914774714,-92.36,-82.42,260.08
4.548067150348979,-1.6187009511198078,0.22059343986124777,-85.86,-80.68,439.65
4.666600882834469,-1.555312315706672,0.21310432269921883,-90.78,-84.54,328.84
4.765223472073234,-1.489422727785302,0.22384954265801338,-91.4,-83.58,215.43
4.8907614897512195,-1.440429392419619,0.23679710425518283,-86.35,-80.31,382.12
4.896041160298824,-1.3564704042417919,0.27141857046723644,-85.82,-79.51,422.4
4.805957725368141,-1.4392717247648164,0.2834565619881769,-87.36,-79.68,311.21
4.7286162432609204,-1.5149038681448936,0.25728138357830416,-85.43,-79.5,522.53
4.592836170893692,-1.398503690869644,0.25365170510944746,-92.32,-84.59,279.06
4.4319921575497485,-1.2937540744216953,0.24155626123167825,-100.03,-88.07,125.83
4.271285164685958,-1.3104799153787865,0.22058454340009215,-94.04,-87.2,186.82
4.032496631229642,-1.2700021241039834,0.2363782384028112,-93.39,-85.68,297.53
3.775563829088004,-1.3002989530262448,0.23079931570498663,-92.99,-81.41,200.75
3.5254719523042177,-1.322300695553033,0.2361136179816624,-95.09,-85.79,204.32
3.306996098633955,-1.2539438977251762,0.2107184309961216,-87.49,-80.75,376.79
3.001612481444757,-1.242264921891319,0.21425068751414425,-91.33,-83.18,290.23
2.6984129838841016,-1.2817457675254302,0.21097846745931703,-93.27,-82.67,223.4
2.367495436441516,-1.252646873071781,0.22370908661278727,-78.63,-74.88,529.58
1.8730749022828945,-1.2577318580958798,0.2154510218598565,-76.1,-72.75,438.4
1.5803429392057948,-1.248507578408486,0.22729788797334913,-80.24,-73.93,438.3
1.246922738113346,-1.25090336047033,0.22595343263616863,-75.99,-73.25,425.98
0.9388529693846424,-1.27530861020151,0.23880288694302934,-72.67,-70.05,408.27
0.4472069734680191,-1.3165944998857222,0.23437530327194844,-72.57,-69.52,276.15
0.19618164117112988,-1.3313174410550503,0.2253291113136318,-74.04,-68.19,366.35
-0.13323552414522657,-1.3680634606897066,0.2212685570686941,-79.89,-70.63,392.77
-0.43254693635492925,-1.3646152537067344,0.22342895335454507,-73.23,-69.93,267.87
-0.7141149366100962,-1.3582482573311643,0.21261543762233212,-73.11,-69.9,235.68
-1.0094082267021551,-1.3432714553690352,0.22411500339080015,-72.19,-69.81,237.58
-1.2903125228706838,-1.347889849890437,0.21021346524001353,-72.82,-70.92,364.5
-1.5361379432398785,-1.3742133895709612,0.2133853036659436,-72.79,-70.13,351.77
-1.829320624493523,-1.4073625054031933,0.2182958837901204,-74.0,-71.71,455.07
-2.10051685695058,-1.4399002883013365,0.22822212435891698,-73.9,-70.56,385.18
-2.4294640963954763,-1.49115649409466,0.21798226898160494,-73.18,-70.29,387.57
-2.7367168261777204,-1.5381831294349244,0.2241969600202348,-74.35,-71.26,465.12
-3.0079908649009846,-1.5630641348356764,0.1956673401681276,-76.43,-72.42,499.25
-3.261873648853,-1.5629285323729338,0.21603225637997525,-74.19,-71.96,363.67
-3.57544770278002,-1.5562672688612824,0.2102352924695629,-78.53,-74.55,364.25
-3.870029468313323,-1.5726634857784216,0.20699921486536135,-83.12,-78.38,500.06
-4.094204477578249,-1.5688313730747219,0.1942289003730672,-82.35,-77.5,395.17
-4.29106897046775,-1.5725214409534893,0.21237306639903594,-84.62,-79.03,407.35
-4.4973592257314525,-1.6127643699271805,0.20812528156960367,-93.0,-87.88,209.48
-4.747186555670201,-1.6361022718725886,0.2017088340502832,-96.44,-86.24,128.89
-4.954482139875725,-1.5713805914724086,0.2175321249959482,-94.23,-86.88,239.89
-5.098203395963273,-1.446721257982785,0.27078486429972626,-98.07,-88.63,171.41
-5.227084460527591,-1.376500001144074,0.3041702674797901,-104.78,-88.26,45.19
-5.292266477088676,-1.3486978206648452,0.2604041157592891,-93.44,-84.0,239.12
-5.283071872079631,-1.3172277098219975,0.25897261963999163,-99.19,-88.19,100.72
-5.127961532944529,-1.32959851684174,0.2806533332467332,-86.56,-80.74,379.71
-5.036336361392948,-1.3163504181592705,0.2686447455418404,-88.03,-77.22,308.12
-4.871928063616558,-1.191412426407628,0.27382927889656095,-83.68,-78.59,381.71
-4.67169235177058,-1.1412979194649684,0.2687703528089736,-84.66,-79.4,393.25
-4.415305031732221,-1.1367376669828182,0.2795631694411582,-84.19,-78.37,454.62
-4.16231323466324,-1.1582435955648913,0.2604914554304342,-83.02,-78.58,480.9
-3.8617089468488293,-1.185090095648793,0.249303093091124,-81.28,-77.1,533.22
-3.5818447881559594,-1.1763491532477452,0.2334073221301028,-84.48,-78.68,463.07
-3.324715350752831,-1.191937659041341,0.21438060304874113,-80.07,-74.53,473.44
-3.0470819972914143,-1.1589664297235103,0.21890400415189062,-80.4,-75.92,409.06
-2.7731261894068635,-1.1292732958561416,0.23102403317618547,-78.06,-73.41,457.14
-2.4856322545147522,-1.0991365710457108,0.24582374033706608,-75.79,-71.88,475.28
-2.2218758014954822,-1.1034157929254682,0.23330577281717485,-74.63,-72.08,336.54
-1.9731074932798442,-1.0925830230346498,0.22333383745093544,-75.01,-71.12,387.34
-1.6854177903585195,-1.0546068367135184,0.22938888419939277,-74.08,-72.05,354.25
-1.4263312550329226,-1.014855664222066,0.22639096248243817,-74.21,-70.24,315.83
-1.186426737991958,-1.0044294111282794,0.21467701118722207,-74.3,-71.68,484.33
-0.9654007315383297,-0.9867788917201876,0.2087892089482396,-72.76,-70.8,333.35
-0.5962507550603736,-0.9164147638992978,0.21010648491673323,-74.76,-70.8,278.38
-0.35297809235715083,-0.898694471944437,0.20033039778210268,-71.39,-67.5,355.17
-0.1714546934266687,-0.8707625556395022,0.20426868837704912,-72.73,-68.21,230.32
-0.008837088036761026,-0.8434208762752825,0.2188154347597416,-73.19,-68.07,202.6
0.21167808455128476,-0.8358137917592893,0.22396844836514507,-72.24,-67.08,379.6
0.420186384238552,-0.8479685336257622,0.2228218406741301,-71.8,-67.21,252.39
0.566458741451982,-0.8356133247647272,0.19255015829164432,-73.68,-67.9,139.98
0.550174931527632,-0.7769994856849869,0.17528598046651883,-73.87,-66.91,276.14
0.6060432396735048,-0.7313789875030907,0.20820190888811896,-73.8,-67.28,241.01
0.7328227954999852,-0.7185678959525688,0.2195768370728041,-84.08,-73.73,305.59
0.8818288611712946,-0.7134131876680564,0.22869431255780512,-81.33,-69.66,314.64
1.072025112062048,-0.7234409780516864,0.2453885606006975,-83.86,-71.36,390.78
1.4273732753614603,-0.6936865991449909,0.27286889491989474,-77.95,-71.41,227.33
1.6063867146555146,-0.6834987491239825,0.2668497285606265,-76.46,-69.94,425.15
1.7991782771096583,-0.6756903391370166,0.2711719197735039,-82.9,-75.39,447.65
2.009943851859567,-0.6929679600956282,0.2631126794590837,-78.03,-73.3,431.88
2.2283698285765907,-0.6767281118439271,0.28095967875978944,-88.17,-75.34,273.05
2.4310657898045203,-0.6618185673348453,0.2694504542932958,-79.66,-74.22,489.98
2.634256827177941,-0.6629996930135472,0.28360469766442303,-95.17,-82.21,118.7
2.843193759494271,-0.6619017070110216,0.28006396669797967,-78.14,-75.01,488.44
3.0838102355155055,-0.6182517821144545,0.2897721029665204,-87.0,-78.78,266.69
3.2843401104344685,-0.5738955068779312,0.2738193360358156,-85.52,-76.23,342.75
3.619621618220934,-0.5074473488041763,0.27721541360176066,-87.17,-76.87,446.73
3.8123800061148807,-0.4477275407394028,0.2719629183571336,-85.38,-76.59,435.73
4.041232305221961,-0.3268994643351332,0.25318520796357136,-82.7,-76.98,442.3
4.190679610442691,-0.19831688013306598,0.21656969714569316,-82.69,-75.89,423.98
4.197699106399696,-0.09193706740788486,0.2241618992885297,-84.35,-78.15,437.3
4.111945094796051,-0.05322203724154482,0.28190337439259405,-86.28,-78.37,322.12
3.991183562356776,-0.23539110022453985,0.35209423685147234,-77.23,-71.9,332.38
3.9341061916769857,-0.33090763280677066,0.2591201558540233,-85.58,-74.84,353.39
3.712907168670649,-0.234318168140962,0.27468370336896636,-90.53,-80.4,339.02
3.525085614920823,-0.2264197550985184,0.2625381539744326,-91.12,-81.14,122.66
3.3556785060520564,-0.2998428122296159,0.25473222048152755,-93.96,-82.74,155.87
3.1200853003603424,-0.34104722859713404,0.2734174977210645,-100.82,-82.58,18.42
2.8299710274372023,-0.3386716707917585,0.28260942409222384,-85.78,-79.95,401.31
2.5980799993476427,-0.33613009066686045,0.2703904720589214,-86.36,-77.39,356.96
2.342398696379266,-0.32533276839472797,0.2642189848124284,-88.67,-77.95,233.67
2.116885781783711,-0.3367949012422628,0.2555836748696415,-82.09,-77.46,435.08
1.8375420405352183,-0.3469375693779824,0.2561082185717007,-82.55,-75.35,400.57
1.5588144950180647,-0.3699000658284143,0.25012654078930235,-79.75,-72.81,382.73
1.2923232078420694,-0.4025596626161877,0.25898676983978464,-81.87,-72.09,449.25
0.7560669213083769,-0.3202124919538607,0.27922300576596387,-75.52,-68.52,289.72
0.5066497509815836,-0.2502972166404138,0.2749351719650126,-74.04,-68.85,422.62
0.26006149051204436,-0.23983464758870152,0.251971209488569,-72.54,-68.12,306.96
0.019696626583928855,-0.2336603165982027,0.24393093004272146,-72.4,-68.12,152.27
-0.16103427560668637,-0.23191831514715694,0.2174356829971379,-74.18,-67.68,301.95
-0.3604641835864491,-0.28859663672168856,0.21799106284492795,-71.76,-68.46,152.12
-0.7769984064115868,-0.3116022715013913,0.20953148005055874,-73.02,-68.24,248.71
-0.9858134567786756,-0.3232884178775065,0.21888604160332623,-72.13,-68.47,223.61
-1.1558436554021243,-0.3409913374955875,0.19937666864912196,-72.83,-68.46,259.14
-1.4162793249802854,-0.3946196841115877,0.2167016321652983,-72.1,-69.77,418.36
-1.7339150502772263,-0.437273181569906,0.21883659485571869,-79.31,-73.9,474.42
-2.011233376497434,-0.47162120001692753,0.21106482985628913,-75.49,-71.23,524.19
-2.224303744212994,-0.4703114986971306,0.19719715464151838,-75.44,-71.34,531.19
-2.46420653877245,-0.47104186858141817,0.19588331391151054,-77.76,-72.37,462.67
-2.733068472829715,-0.495475490518179,0.19200692569066652,-88.92,-75.9,303.73
-3.0239868333055395,-0.5350062759150488,0.1735228588420741,-79.85,-73.98,474.22
-3.4779078484557897,-0.5822251159173302,0.1513147710491034,-82.33,-78.35,392.23
-3.712778579950902,-0.6030016240660455,0.1738956466640047,-91.17,-84.76,255.04
-3.964629485168614,-0.6337929482974791,0.16952156619519604,-90.21,-83.47,317.71
-4.238179356576337,-0.6576442038669529,0.14713044587577434,-95.28,-86.94,218.85
-4.459378203113839,-0.650803934223389,0.14935408727615115,-93.73,-88.03,271.38
-4.61294626855268,-0.562542125774925,0.14864074719393436,-91.87,-87.14,272.55
-4.7274100143328095,-0.4482203636470975,0.21782788325833508,-99.57,-88.15,144.15
-4.858643967181817,-0.37096431239781213,0.24209336722334837,-101.6,-88.21,57.88
-5.040368964911817,-0.33790139701831373,0.21476120468098758,-99.58,-85.76,99.67
-5.1490284021157935,-0.3055278693056638,0.22239613295079813,-101.69,-89.52,105.79
-5.225629008108596,-0.2623811932093019,0.23230277087684312,-97.0,-87.19,207.74
-5.112467963679539,-0.34062554721992544,0.23149705940229082,-95.97,-88.2,168.97
-4.955578712206024,-0.241490555070484,0.2542112860833818,-84.34,-80.69,449.52
-4.9107839817684065,-0.2650171638915105,0.24396867418702872,-85.03,-79.48,487.72
-4.748345661796897,-0.34314382442976327,0.27422279702680075,-88.51,-80.23,368.38
-4.559977845759743,-0.29742803792874306,0.28999751313468825,-86.92,-78.65,352.17
-4.351194920613315,-0.20874506743684668,0.29400596172686455,-84.29,-79.91,374.95
-4.157858340147023,-0.1840915052962214,0.29024334954169195,-83.07,-78.04,420.86
-3.9428063301620058,-0.2344263704697691,0.2905398423352673,-78.81,-74.28,492.94
-3.739996848118006,-0.2941586615808853,0.24916677996998587,-80.83,-75.68,383.23
-3.5263523790525766,-0.30960898973596745,0.2303799769464676,-83.85,-79.05,446.09
-3.2266680443046667,-0.26945403851342015,0.24562801773224174,-83.1,-76.84,371.95
-3.000842284365429,-0.2872702898245915,0.2274932540391644,-79.19,-74.42,524.83
-2.7722855762972913,-0.267539365916636,0.2261345370976234,-81.89,-75.33,388.15
-2.503189254879735,-0.21528330431296822,0.23355010246423294,-77.78,-73.88,423.85
-2.236720464757133,-0.1447064401543807,0.23073405813717185,-74.82,-71.15,446.16
-1.9551530394639298,-0.12442767817908466,0.2363129951165166,-74.37,-70.41,395.67
-1.6638445620763536,-0.11428960090374081,0.22307784273588024,-74.82,-71.09,336.62
-1.232146264751488,-0.08658875282598753,0.21714012692259904,-73.89,-71.27,422.65
-0.6759807081800463,-0.08204334473472079,0.24675889013659752,-71.5,-67.61,256.46
-0.5124184069526697,-0.07413198660264951,0.22698479215254716,-72.27,-68.34,242.01
-0.4025998193563284,-0.007638727872287443,0.23098724090043612,-71.28,-67.42,157.81
-0.23941609539460715,0.07389096909273746,0.2357233193517068,-73.45,-68.08,148.73
-0.007877795840516408,0.10311036675919188,0.2616077350783219,-74.57,-68.16,204.95
0.1921940247288185,0.06806792799117421,0.2551431453576176,-72.54,-66.83,236.64
0.3203143117365276,0.07455034233218284,0.23673135774286028,-71.64,-66.76,152.54
0.5153158739221215,0.10779770771187927,0.2209055838561335,-71.45,-66.95,163.44
0.7842346626331231,0.11741775125550984,0.19972322079415805,-72.23,-69.79,176.33
1.0264021969493233,0.10989495353567168,0.19618726114911583,-77.19,-70.19,381.14
1.218484428137043,0.09434156951102515,0.19237511833305865,-73.49,-69.85,372.85
1.4536361151306438,0.10317458805855755,0.2147727902899546,-72.52,-69.87,334.7
1.7104324683645344,0.10352427319033652,0.20838647434635346,-72.72,-70.48,300.88
1.9550468875848304,0.10752820122446849,0.21467954368472972,-73.3,-69.88,454.05
2.202730187314236,0.10798000599892223,0.20624818174309925,-73.5,-69.33,363.29
2.4540728610943474,0.13467149776327167,0.21791889285142954,-74.95,-71.85,464.92
2.753274880109278,0.17099759975316525,0.22890350076264007,-75.18,-73.14,497.23
3.007141141268174,0.20301950423270254,0.21294655809798282,-78.57,-73.4,430.3
3.2622419323963467,0.22284660072437038,0.20975017869185683,-79.16,-76.02,541.64
3.4919946757209837,0.24248922545368068,0.2162384017619875,-77.11,-74.34,470.3
3.734341377515125,0.2349483310346706,0.21800260677285896,-81.97,-77.26,387.18
3.999005943177831,0.23268876368244718,0.19631573794423782,-84.12,-78.0,427.55
4.2697741106172495,0.22149166901253306,0.1747949097082489,-81.38,-76.96,396.58
4.60231123032434,0.19267946304579667,0.15938320246316504,-88.34,-82.45,382.77
4.759419937326349,0.2069230579831768,0.17965479938935316,-90.08,-84.64,350.37
4.891800564312576,0.22706089394049467,0.17915102510404063,-90.8,-82.98,318.83
4.953951493161149,0.23034020749022524,0.17600219661926647,-90.26,-83.72,314.33
4.928417640749662,0.27812605101145776,0.2361783533200248,-93.43,-87.16,255.21
4.876031538859005,0.4212775881698449,0.30382385078094626,-92.69,-86.47,277.09
4.964270377450991,0.8164290228414598,0.23209723804935092,-93.7,-85.66,215.78
4.99679478241521,0.9614979896285947,0.22133336389752464,-94.12,-87.93,252.0
4.9700844308382734,0.9914511676313071,0.22163006833137974,-92.85,-85.76,281.16
4.894702575052119,0.9566659876839252,0.20408123978681747,-97.13,-88.61,215.94
4.856746416904804,0.8897474693779011,0.17214156394027447,-99.99,-88.91,117.46
4.790018735954387,0.792639519563869,0.1685692159851155,-96.48,-88.72,224.54
4.7730915635394,0.6932669425980084,0.2000477213837356,-91.85,-87.07,312.34
4.665573873490098,0.6212125540789804,0.23996111833832487,-92.43,-86.5,256.45
4.488129424100348,0.607424178418712,0.2563455644883527,-95.65,-87.31,165.37
4.281962275814031,0.6845226062210878,0.2537467784581141,-92.6,-87.21,232.84
4.074913830377974,0.743368821999645,0.26014137075311083,-92.27,-86.92,284.98
3.8321031686662077,0.7612527996719103,0.24908983347302802,-91.98,-85.19,318.81
3.604217233253115,0.7808295054653646,0.25520543670826035,-89.11,-82.31,327.08
3.403672035494445,0.8174954934877959,0.2723695391116426,-82.73,-78.05,350.81
3.1825074306682217,0.8552477525498271,0.2800698116254346,-83.54,-77.7,395.48
2.880501546917982,0.8632988747515459,0.26691810091582113,-82.1,-77.88,416.02
2.6638668852599645,0.8665433583709453,0.27726980859425315,-79.73,-76.98,414.77
2.4182934985662152,0.8549569501542489,0.2783102962799542,-80.05,-75.56,343.55
2.1197864765601966,0.843810242319209,0.26493332207414316,-76.42,-74.24,448.98
1.8999955275342302,0.8385149270032177,0.2513062521525475,-73.96,-72.15,420.34
1.6749018885102365,0.8410714377461935,0.2461653141119796,-74.33,-71.48,374.86
1.4322972642590386,0.8390719827235301,0.24322165648647465,-73.49,-71.42,474.83
1.1504341888810985,0.8482845302751899,0.20915392464141452,-77.05,-73.09,407.08
0.8895512199312787,0.8344786174125134,0.191111078899198,-72.67,-70.86,445.7
0.668365677579411,0.817014027119016,0.20989108262717285,-72.24,-69.4,317.97
0.4571648365473247,0.8329333484310022,0.24490703887420642,-72.87,-68.82,277.12
0.19187626513061234,0.8637168078480841,0.2312965027408343,-77.1,-74.08,420.46
-0.19026548013021669,0.8602674795900784,0.21617818494607483,-76.78,-67.34,301.59
-0.3494833326990561,0.852131718439234,0.22128305300226037,-73.97,-71.4,430.88
-0.5535682085120743,0.8153263653712369,0.24085366928686816,-77.67,-70.37,375.86
-0.7682685900756939,0.8086509404752026,0.20627488245118847,-86.65,-75.44,357.83
-1.110792372665391,0.8184313999478556,0.2307147236114617,-79.95,-70.46,332.38
-1.331070864494172,0.8111711911927526,0.2571663563487484,-78.23,-70.69,378.39
-1.5969212802925963,0.7847185725354687,0.25463610406784903,-77.97,-72.62,391.91
-1.8007989343883464,0.7705219910006632,0.2519992423877028,-75.58,-71.03,366.77
-2.0011460650543382,0.7585873164256207,0.2588282117465739,-76.58,-70.74,381.58
-2.2007342256427074,0.7404486743423705,0.2769801287194656,-76.98,-71.9,418.77
-2.4373709481453463,0.7277681197989099,0.27200694041716844,-76.57,-72.08,465.86
-2.6811147551146757,0.7115172524486111,0.2515697717553665,-75.98,-72.31,485.75
-2.873615550826646,0.678428392352075,0.24657782600842057,-75.88,-72.71,446.68
-3.0362326554781056,0.6379204189573948,0.2649414352364693,-75.86,-73.43,459.5
-3.2137593030462277,0.6094444887904347,0.2750037391161851,-80.15,-75.4,399.07
-3.4104916444850915,0.6100616008114979,0.258680133218445,-75.78,-72.62,444.6
-3.5846584803771804,0.6107347342422709,0.23160671114976242,-79.01,-74.96,403.75
-3.7633976644720857,0.603440446290228,0.24083866832699946,-80.54,-75.24,402.23
-3.9315347937457665,0.5899302329251882,0.27298349835391594,-85.57,-80.32,313.63
-4.122471529917542,0.573828680626636,0.28342460309460993,-81.7,-77.58,409.62
-4.319980661039468,0.5519878209140308,0.27931120289293015,-85.63,-79.86,406.43
-4.495881900923235,0.51692169453713,0.26347511597038775,-83.13,-78.58,427.5
-4.674754720374383,0.4980288475122882,0.2592976749784065,-83.08,-78.97,392.05
-5.009222929121575,0.5149891027201771,0.2142891597328359,-87.35,-81.43,331.4
-5.244338681543945,0.551154343479929,0.18114286729244183,-99.65,-88.57,143.54
-5.202934982343114,0.760966726934828,0.25490586599391185,-88.48,-81.98,349.79
-5.257043574514619,0.9201590453814302,0.19743035149283888,-88.33,-81.54,357.12
-5.2687462707995,1.0094297095711333,0.17878493066749832,-88.98,-82.68,298.06
-5.216708712697544,1.1107313576059175,0.17973008830956433,-91.29,-85.27,302.35
-4.867781616085096,1.288906205132508,0.18488124662945313,-90.84,-84.53,269.45
-4.115943944363946,1.3356935172077278,0.20845573504486264,-89.18,-82.77,335.83
-3.8748147730621776,1.2880775778356939,0.21565236898618453,-85.36,-79.22,303.29
-3.609508503359019,1.2665466581699183,0.22367471574942988,-81.1,-76.19,339.57
-3.312274853044021,1.2691191031835767,0.21557730489768967,-82.46,-75.6,373.77
-3.0234804255649568,1.286709967048984,0.21242336432176553,-83.66,-75.05,251.58
-2.748968994073725,1.2913024021960862,0.21260128487621283,-80.96,-75.04,305.36
-2.4656602052822545,1.3007796496901627,0.21091884648068032,-79.83,-74.51,391.33
-1.9478550209175574,1.3314463266672698,0.20707378842745142,-76.84,-71.85,433.92
-1.6663190188578503,1.3308887655500503,0.21203698507346433,-77.78,-69.99,284.23
-1.3504103769561433,1.31955860811688,0.21173147968989434,-74.89,-70.66,360.57
-1.0697999247261147,1.3126956041324018,0.22174346535831743,-75.08,-71.56,348.96
-0.7519667698354447,1.3050063024738903,0.20599926932618745,-75.01,-72.41,340.9
-0.4638279217929323,1.3157808960327573,0.21364311650584158,-78.96,-71.99,324.02
-0.16121285741500752,1.320312688520204,0.21559755955501753,-74.49,-70.55,375.1
0.13811484301015525,1.3378865223208616,0.2249719404025456,-73.48,-70.18,349.96
0.7162415793944876,1.3735319853662649,0.22740847221138755,-74.66,-71.34,485.47
1.0156449288842768,1.4280005868334706,0.2370631900758375,-78.04,-74.26,468.38
1.3039093916069795,1.4322347183691981,0.23470028653631786,-84.74,-74.21,271.83
1.5831064389679288,1.4190346411510393,0.25008507819450043,-84.25,-74.67,158.6
1.8461623102384095,1.4388089153948427,0.23467538082518133,-84.5,-75.07,86.12
2.0919612967767063,1.4944874566637092,0.22813069458077478,-76.46,-72.59,481.61
2.340777774185362,1.5358583115546056,0.23279673222608235,-90.3,-78.41,83.25
2.585159467726462,1.5710694138689385,0.24979165990861738,-81.0,-75.86,353.23
2.862894921463311,1.608826411192053,0.24684995436652904,-84.15,-78.08,457.64
3.2089173345021345,1.6675882321274142,0.26797484905086816,-81.33,-76.67,384.95
3.471212617377076,1.6849922573488707,0.25825355080659307,-89.28,-82.34,281.32
3.709605864563992,1.6838526937096807,0.2524162248634154,-89.02,-82.76,360.23
3.9255000529528847,1.6913336859556063,0.23621570334178318,-94.58,-85.14,135.59
4.257284436901776,1.792014593722601,0.22639773116921208,-91.29,-85.81,252.69
4.468049549607545,1.8067165395551683,0.23269724552336138,-98.54,-86.22,38.98
4.6221928960968155,1.8394700027905773,0.24760278913122652,-95.46,-86.57,86.94
4.672973855480191,1.9858315205742316,0.2540380425591053,-94.57,-88.17,225.62
4.6463973438088555,2.112149314192339,0.2721804099304927,-93.42,-88.29,255.44
4.540333136441357,2.1749891649094852,0.26765860208194747,-94.39,-86.42,223.54
4.412116234092653,2.2342238244709676,0.27672721701976744,-93.47,-88.23,235.92
4.258420628166483,2.29924781267743,0.29239202839615136,-93.57,-88.16,234.08
4.0490088623347775,2.291147365702678,0.29868246235485735,-89.85,-83.97,346.61
3.904128269968934,2.2451591473409236,0.2721285766485062,-88.91,-82.13,250.43
3.7686394519208033,2.216803065824919,0.2777408808864288,-99.97,-85.46,46.99
3.5903710312206782,2.2094511911885055,0.2934827894270993,-97.35,-85.42,156.98
3.3951917306208403,2.2023661774892735,0.30427127117111075,-91.65,-83.39,228.97
3.161902524570451,2.211960255373085,0.2572308599375009,-85.27,-80.05,380.13
2.9425816839202827,2.2177965810725273,0.2675172705135263,-96.85,-83.98,25.15
2.7724733943685935,2.205786501934332,0.3026711001642069,-83.28,-78.39,449.75
2.5452002308311963,2.1821603441274084,0.30914673184016794,-78.65,-73.8,395.2
2.1464976814887238,2.1718567390879344,0.30140328487729323,-75.14,-71.21,318.17
1.7125220798396172,2.182376793058889,0.31461925665050455,-76.69,-72.84,426.95
1.4727063670589968,2.1873288434459184,0.29895042800440846,-74.26,-72.37,543.81
1.2684610008016861,2.156004581677199,0.3133202985815924,-75.44,-72.88,425.67
1.0310899789677248,2.1565502408857493,0.3164053883434472,-74.36,-70.67,326.02
0.7341117754654783,2.165740753372229,0.30226231365177775,-73.94,-69.95,308.53
0.4939397905039031,2.116725584844915,0.2929293655536142,-79.62,-75.59,464.12
0.23642567365770983,2.070914344369467,0.29897078986599257,-73.85,-70.42,443.38
0.017230066040476045,2.0827237353576904,0.3061702277831005,-75.59,-72.38,412.89
-0.23171760842270955,2.068257803442459,0.3263092472440036,-74.68,-69.85,416.93
-0.4945822679441116,2.0630337177953533,0.30910969279357126,-88.39,-76.82,347.89
-0.748846549721673,2.0456111191711073,0.31531441220312983,-75.2,-72.24,493.0
-0.9621650066959263,2.066802768975733,0.2796077792746446,-78.62,-70.16,376.23
-1.2588540675234472,1.9544954619712869,0.319336477199726,-79.04,-70.45,60.18
-1.516513435560095,1.9154491993697804,0.2888360030174672,-76.65,-70.85,318.77
-1.7544949224510595,1.8886526414750335,0.2822638472864337,-75.71,-71.1,302.0
-1.9546864587867103,1.8619396883374995,0.28467338735743014,-73.23,-69.58,314.21
-2.2011445528541596,1.826284509465108,0.2994021778070401,-75.55,-70.01,327.28
-2.4436486061221427,1.7880610540158064,0.2769966507071596,-74.18,-71.15,409.92
-2.6675896142717415,1.7309616413315385,0.2730840357332883,-77.64,-72.27,394.9
-2.86095650800966,1.7016680116498701,0.27743400262903667,-83.22,-75.68,381.18
-3.0652833843188576,1.6893936344992853,0.29931137846945044,-80.53,-75.34,401.98
-3.7892779224479187,2.222333077558858,0.2810187041550604,-81.15,-76.31,393.6
-3.2687684940901165,2.2572678254068137,0.2817327721016564,-84.57,-77.26,391.98
-2.0232794370317135,2.2926158995554013,0.28224282797075706,-82.9,-75.38,301.23
-1.704769721981615,2.2577345544311638,0.3028719489640656,-74.62,-72.26,417.95
-1.3772599513362742,2.248518092049742,0.30014706435278216,-77.75,-69.3,238.11
-1.0479712570763295,2.277166889248757,0.3009930104944088,-84.63,-74.02,253.02
-0.7408798945161341,2.2773799026223474,0.3029715022026112,-85.29,-74.28,391.42
-0.4914014714243497,2.270373096846847,0.2845938444840476,-79.28,-71.18,372.33
-0.18804802998750872,2.273285793631336,0.27378016373124636,-76.66,-72.04,295.11
0.15560419417813356,2.335132644727915,0.28843890816731593,-76.08,-73.05,384.9
0.4840854136091839,2.3488442861082754,0.30864491618382595,-76.71,-72.3,485.94
0.7311003765047036,2.3430357345351847,0.30367307175950053,-73.67,-70.98,460.32
1.0296945815997174,2.3663740242619276,0.29727811417704386,-75.12,-71.59,421.62
1.3448779880150288,2.410210171303536,0.3023867832780634,-78.56,-73.15,464.82
1.646617877737619,2.393324144961577,0.29854012270875735,-79.2,-74.9,445.59
1.936998243785014,2.3779465457923252,0.32617715911792783,-74.44,-71.97,422.68
2.2576202831054455,2.3825182149406197,0.3351238763695756,-75.88,-73.21,519.53
2.597176428908847,2.439744889187791,0.3222812653790199,-78.6,-74.32,426.93
2.8896083227362195,2.4763722918267357,0.32577626863709713,-94.31,-78.42,49.88
3.170585912088214,2.514371237275918,0.3176188731478467,-94.71,-82.07,140.06
3.4475401687243226,2.5244210731006578,0.33279024440034677,-94.32,-83.02,94.89
3.7285108398838727,2.509080469264639,0.30346942197607507,-93.28,-82.96,20.62
4.203923034672643,2.4241907636077586,0.390265059161831,-87.38,-80.89,318.38
4.3650257908777395,2.4414289479648725,0.4083263783427746,-89.65,-81.92,311.11
4.377739846060975,2.269161258078453,0.5221290974989844,-90.14,-83.21,293.55
4.419238074644415,2.1252588873363525,0.7351230507415397,-82.18,-77.33,416.55
4.422233462179528,2.1612109481765636,0.9644747514472372,-83.95,-78.65,330.96
4.439993275886965,2.243352887016171,1.0989274121410795,-88.34,-82.45,336.22
4.444542971623881,2.3301288990375033,1.203537448439457,-94.91,-83.92,239.33
4.385868148941403,2.335693428530583,1.2923381635312068,-102.29,-82.35,80.65
4.378233606869591,2.3623806628918804,1.3900495800688009,-95.36,-83.16,174.7
4.420882318557507,2.4013602095573194,1.4974673999729786,-93.47,-83.8,271.34
4.456685726874202,2.428405566483521,1.5320893083418092,-92.45,-81.52,223.6
4.435407406720891,2.51489875166702,1.5566408086409682,-87.56,-75.01,262.25
4.458575918194607,2.5388284140686928,1.556377138129802,-83.46,-75.89,309.14
4.511498540507592,2.557339331540481,1.5205531471542113,-88.04,-77.14,321.96
4.5591425166878405,2.5924877044031276,1.5177652100765089,-89.29,-77.96,263.75
4.550636063199862,2.6371124335230545,1.5398978709731794,-87.84,-76.3,336.75
4.4754944935517855,2.6776388336656414,1.5540717339024117,-87.32,-75.73,300.93
4.408627704410053,2.6755417888281885,1.558538379174443,-85.92,-77.52,316.52
4.334216750045893,2.627406209362216,1.5542401249075117,-89.21,-77.94,334.54
4.317070989766345,2.5542448576100405,1.5454909666052208,-87.51,-78.69,360.48
4.316468051706622,2.604835719097416,1.5803920809802474,-89.39,-80.44,281.85
4.358459317919764,2.6691726206684283,1.614914284549742,-91.47,-80.9,226.16
4.305127524074425,2.693095055520806,1.62295284645506,-89.41,-76.98,273.31
4.113032875654609,2.7287299354345986,1.627163126473355,-88.9,-79.7,366.23
3.8350390194815307,2.7703998896579947,1.6261397332466572,-86.04,-76.12,378.04
3.6283862183969613,2.80729381319346,1.630431311171183,-85.84,-77.68,303.37
3.38935080591262,2.836124940671821,1.653029356473194,-84.47,-76.15,272.64
2.8928845333378175,2.9859384391373127,1.6381391888499044,-83.67,-75.02,312.89
2.5592218947729193,3.045896500558115,1.689903039148172,-77.42,-73.12,538.94
2.1541662754386075,2.9241406042126123,1.6180318713062525,-75.48,-71.87,461.86
1.9541460676058442,2.8775088154816415,1.6375122464321656,-79.45,-71.43,281.2
1.729630025523771,2.866645386041715,1.6737848011538285,-80.17,-71.57,202.02
1.1426947841252653,2.7549910554263572,1.6538251780626358,-77.05,-70.31,253.76
0.8606330447876616,2.7205815806802667,1.6311915221553674,-78.62,-72.58,388.35
0.2745627914021217,2.6901463376337036,1.622738381046331,-78.08,-71.97,449.23
-0.022044109776574575,2.6443901966546894,1.6165095599514847,-80.68,-72.47,379.0
-0.3266312771643558,2.6006269741110617,1.6006959562609997,-84.76,-73.57,345.15
-0.628933442196978,2.5563675088385462,1.6177373130949846,-84.22,-73.81,413.9
-0.9463628249630799,2.529179217017744,1.5835311326851418,-84.24,-74.73,255.43
-1.26548599715372,2.503694473102617,1.600109220503615,-79.83,-73.49,444.05
-1.6017291641591358,2.4865357970047035,1.5886977316787367,-83.8,-72.86,301.45
-1.902428898604104,2.4826931886168198,1.6026948718657155,-92.26,-77.98,67.35
-2.2555647115161546,2.4905185359684645,1.5990930872005218,-86.95,-74.18,319.79
-2.838074125350458,2.473242997717091,1.6023475887603658,-78.74,-74.16,418.4
-3.1472292299715017,2.4851124082122067,1.6021183647587884,-81.04,-74.44,428.61
-3.682455862959023,2.49176690564635,1.6060680199270985,-79.28,-75.77,457.08
-3.970302305356306,2.491479834438763,1.6177113486878474,-87.74,-81.52,351.5
-4.517058640010507,2.4354246635018124,1.5531792786661036,-90.85,-83.2,296.66
-4.421807202190605,2.2827250438598377,1.3462827313715429,-94.35,-79.34,150.23
-4.715414416401909,1.2896058083683184,1.5684328567312467,-92.43,-85.95,275.35
-4.231398646073238,1.232117460028455,1.5958802590265324,-88.32,-76.93,358.69
-3.8927015939503122,1.242371360077595,1.5786766815341493,-90.5,-81.49,242.29
-3.623240945932444,1.3007896695819694,1.5985512805442057,-90.01,-79.58,243.42
-3.0545124033617364,1.2737838222928857,1.5878191097897447,-85.18,-77.24,357.48
-2.741800261316638,1.2698031769281741,1.5933542254473025,-81.61,-74.64,325.41
-2.4753913508366203,1.3289836175507304,1.5833260608022528,-78.57,-73.73,458.61
-2.1530420270580786,1.3681536486446486,1.5917716513967148,-77.24,-72.71,485.56
-1.8183537962508076,1.360791284111547,1.5839306726568938,-76.69,-73.0,496.81
-1.4908324409534524,1.334032766522241,1.595625759406433,-80.69,-75.68,430.55
-0.9060937519868824,1.3976404461937666,1.5764679460708169,-95.79,-80.63,101.48
-0.5216828504189364,1.381168384879147,1.5527546921350048,-85.19,-74.37,320.5
-0.18803591676980716,1.3382469311376095,1.5769321287317526,-89.61,-78.33,302.75
0.1097374991288453,1.3505804438481952,1.5648743759824106,-91.15,-75.36,171.8
0.38838884878365043,1.4161534702749827,1.5757266536323657,-91.19,-75.62,218.5
0.7097981208730356,1.4338414564726734,1.5520226067052867,-87.73,-77.34,321.65
1.0752684436338686,1.4219421305954898,1.5830716972029384,-78.83,-72.34,392.8
1.3761629022321074,1.430076486856288,1.5751398338485953,-75.92,-70.31,396.25
1.7369816983090414,1.4173783356913376,1.5866566121258174,-75.67,-69.84,287.95
2.054793817228775,1.3511301432381524,1.5520062823661547,-79.05,-71.02,277.05
2.325660886132717,1.3563269882322624,1.5687650403318785,-89.02,-73.29,242.87
2.652954102370014,1.397309736192263,1.5512475211464112,-90.28,-76.87,206.35
2.883345449867978,1.4867828160306111,1.5637343494572729,-93.03,-79.44,246.06
3.146651525768117,1.5719685753350587,1.5586023133823932,-93.41,-81.7,119.2
3.6356901136765902,1.6890778230782917,1.559251338287643,-88.61,-74.48,224.65
4.050352947298705,1.847697384906204,1.5737612220537027,-92.54,-79.47,103.79
4.256582015215084,1.8729634042771133,1.555911201555136,-88.66,-77.47,285.73
4.504331848137397,1.864679141327141,1.5575120347079958,-90.88,-78.75,151.7
4.638512136358743,1.9035569768197669,1.5698832861251821,-95.5,-77.42,61.87
4.86263757892268,1.8861218289358461,1.551855516446853,-94.64,-78.46,33.89
5.026085422094162,1.8401490436533279,1.5407208051427157,-93.65,-76.53,139.38
5.119895915965972,1.7594315891391554,1.5439505912027212,-89.02,-75.61,208.67
5.256826907515714,1.7433157665643775,1.5572115391935746,-85.52,-78.34,352.88
5.300953509762544,1.6603283643565387,1.556726724897479,-86.34,-77.41,295.18
5.298164606344369,1.531053242681852,1.5576199821357655,-87.61,-77.72,295.2
5.208825178410271,1.4670938158342335,1.5697710666370617,-87.99,-78.37,283.15
5.1265284164986,1.4433290729569057,1.5845421823567118,-88.96,-79.33,323.3
4.993542097922715,1.3788435233547542,1.5794734034670175,-93.21,-77.99,218.05
4.7659678011110875,1.3751695184478139,1.5637227620377347,-94.79,-75.53,133.73
4.486545780649016,1.3829624463956303,1.5808556760966561,-92.59,-77.49,177.22
4.234261987984717,1.3895905378300926,1.5745620362853063,-90.09,-77.66,298.48
3.9641537297985936,1.3882362899402716,1.5789860392776305,-91.1,-81.99,286.95
3.6785608306822697,1.4072719203803394,1.5728095798981208,-89.58,-78.65,317.6
3.4012534640658285,1.390912157486065,1.5662297527868978,-86.08,-76.6,394.77
3.1483514279006153,1.3911955738533175,1.55894242132656,-87.01,-76.88,354.52
2.8802525161603034,1.3727810962244857,1.5611683866280461,-80.13,-72.81,288.87
2.62688884516428,1.3774934055376877,1.561298705693814,-77.97,-72.7,403.25
2.3619293464081186,1.3444049851553188,1.5778391719086453,-84.34,-73.47,268.35
2.1165173004015863,1.2997303787965848,1.5824752329375555,-82.29,-72.85,229.19
1.6672926501288594,1.2967003430246387,1.5790223209042338,-76.97,-71.23,328.56
1.3968770524720617,1.2750311734703352,1.577298644396953,-73.98,-69.2,375.17
1.148296312594606,1.2382063988574679,1.5714229567345137,-75.28,-70.76,372.3
0.9053358563284645,1.2215543424602011,1.5828988238553243,-88.89,-74.13,308.3
0.6926170807651012,1.227208469015623,1.5738931691976372,-102.57,-80.89,21.07
0.3851245605672036,1.232118862598029,1.5718032316483732,-89.54,-77.17,308.25
0.124938469220773,1.220313357751791,1.5637655748591286,-93.81,-77.33,127.73
-0.10387718778221262,1.188418707375445,1.5707983363821119,-92.97,-74.49,29.29
-0.3413047571287681,1.1704988201900586,1.5562329267863484,-83.51,-73.91,365.58
-0.6362764642265512,1.1843115932794006,1.544878540209989,-77.7,-72.44,265.75
-0.9090214873094745,1.1994275403885613,1.5358985401563627,-91.38,-77.13,246.12
-1.1536588919823318,1.1821284711127673,1.535819673243298,-96.0,-75.28,74.5
-1.4296552353468057,1.1423513155659157,1.5227234014432114,-83.36,-74.33,339.15
-1.9501099979110392,1.19787402226092,1.5685393222578965,-76.27,-72.1,449.27
-2.266984225773796,1.2035108044601255,1.5557010283325416,-77.67,-73.8,440.98
-2.5948256250230433,1.187575267947658,1.5643436980740246,-88.67,-79.12,305.84
-2.941881981121476,1.2185973497970248,1.5683756083794687,-94.59,-81.08,177.62
-3.312166442759603,1.2091197759587167,1.5705672363979892,-95.47,-84.93,218.72
-3.6680119366945036,1.2299758371651428,1.5530878671219512,-96.15,-89.06,154.79
-4.0147481222321915,1.2461495520591854,1.559868487594172,-95.08,-85.52,248.18
-4.327287404340191,1.2619632973126296,1.554537067292802,-100.74,-88.57,116.1
-4.634029795412681,1.2480954378578102,1.5657185708671744,-94.28,-83.12,162.08
-4.957295182548805,1.193518935183385,1.5504487903089563,-95.41,-86.3,181.36
-5.251896516655693,1.108232529309875,1.5524048964808033,-97.35,-86.37,191.45
-5.503271010365257,1.0776978343241481,1.533686729275947,-94.76,-84.2,235.18
-5.682587083855776,0.948193324992401,1.5392273059655872,-93.72,-85.87,242.64
-5.766244885588102,0.7837791673808003,1.5670590838647362,-103.78,-86.09,31.83
-5.758187119389702,0.6324655126528161,1.5587197379392106,-99.68,-83.61,113.08
-5.674705936395805,0.6207448031532148,1.6080534328858846,-84.18,-78.75,385.66
-5.555221816008953,0.7247490841898777,1.5857431624392317,-88.96,-81.16,337.45
-5.443706764924947,0.9427946870220959,1.6023522092013525,-90.39,-83.46,230.68
-5.536429228047008,1.1908206703181705,1.6436311610449064,-97.49,-86.49,190.01
-5.466284304247787,1.2622500575959832,1.578451179671263,-91.1,-83.16,367.67
-5.573205126703708,1.3524878994275822,1.540283786491736,-92.87,-85.97,236.78
-5.668861470437882,1.3338347000839161,1.542737278519469,-89.04,-81.78,265.14
-5.724735091905031,1.286711482628473,1.5442864217766068,-87.4,-78.79,294.5
-5.730990332904446,1.3171834028494107,1.4791651488461075,-90.78,-83.4,219.5
-5.6361370219021,1.280998851196089,1.4613344237295969,-90.54,-81.89,314.67
-5.562338679732451,1.3026031659901585,1.436182797462228,-89.58,-81.17,320.62
-5.58265662989533,1.3585687279998155,1.4059370239221556,-89.32,-81.47,364.48
-5.570090363717299,1.375580925541682,1.394736086842161,-88.36,-81.34,347.25
-5.550202866595951,1.3672739397130313,1.4025771150041795,-86.04,-79.78,311.52
-5.560876187389072,1.3614022717234575,1.4064976114369616,-96.97,-83.23,155.99
-5.561373780044804,1.3615772115338196,1.4063729692494542,-95.69,-81.54,135.85
-5.561397504592767,1.361610178239706,1.4063282807512838,-95.8,-80.81,134.93
-5.561696409511014,1.3619329653447327,1.4061404738955694,-94.77,-81.34,142.84
-5.561531420479432,1.3618017003677427,1.4061915234513023,-95.11,-80.98,113.3
-5.561877758043147,1.3618087905429979,1.4062425396814846,-95.46,-80.51,112.84
-5.56247994837751,1.3616819056890086,1.4062476127952082,-95.35,-80.59,116.12
-5.563437632221562,1.3622039334949378,1.4055249473845868,-95.7,-80.8,119.77
-5.563238883080056,1.3622691745766833,1.4055478253784606,-94.37,-80.15,143.87
-5.563799417797888,1.3618455800167144,1.405763866127415,-94.75,-81.68,150.8
-5.564395582053444,1.3616315665426917,1.4058073913594014,-95.19,-80.84,125.62
-5.564376666407935,1.3617644744755857,1.4057363664325249,-94.96,-80.66,137.28
-5.56459219009205,1.3615853566864373,1.4058615137846409,-94.95,-80.89,151.38
-5.564958672548449,1.3614236412491016,1.405897665838148,-94.94,-81.1,132.14
-5.564279637538492,1.3614965688452656,1.4058750850084871,-94.73,-80.74,133.0
-5.564136954256357,1.3617532768700586,1.4057877473333646,-94.95,-81.45,125.62
-5.564227551123856,1.3615251986727686,1.4058806428836976,-95.71,-81.92,153.46
-5.564050534455986,1.3617602109159856,1.4057148356848883,-95.21,-81.77,130.17
-5.563549152644022,1.3617661475686933,1.4057352568239172,-94.79,-81.73,117.66
-5.563058208499619,1.3620078626943826,1.4056802627479184,-95.35,-81.99,145.42
-5.563157631743807,1.3619826346451642,1.4057380107453181,-94.32,-81.25,166.38
-5.5628057182332356,1.3619826198556895,1.4057867553348529,-95.02,-82.26,142.01
-5.561922134845567,1.3620108008643084,1.4058795462712743,-94.55,-81.26,138.08
-5.561943277880942,1.3621421164973524,1.4058125811576794,-94.67,-81.16,146.7
-5.562035414767206,1.3618190533775254,1.4059949800458746,-94.65,-81.19,122.38
-5.561523319134728,1.3621597172722584,1.4059489101360394,-94.17,-81.27,144.92
-5.561419617417428,1.3621249785944378,1.4058451987152822,-94.3,-80.78,164.6
-5.561521696072946,1.3620949512332103,1.4058064189564192,-94.31,-81.03,150.94
-5.56122328464411,1.3621455169827723,1.4057117786002549,-94.54,-81.17,148.98
-5.561113468194999,1.362280749544706,1.405804481209603,-94.14,-81.02,136.27
-5.561320721201161,1.3622059686635697,1.4058167552650431,-94.81,-81.1,122.43
-5.561284448120594,1.36220540966142,1.4057206845286898,-94.31,-81.34,140.59
-5.561402196842728,1.3622645523572057,1.4058070849814617,-94.98,-81.58,152.2
-5.5613273412068205,1.3621353224704218,1.40570320664547,-94.42,-80.68,117.83
-5.561450620847492,1.3621417130570292,1.4056528481250596,-94.24,-80.44,128.25
-5.561129405754523,1.3624140934530211,1.405594350932809,-95.54,-81.4,109.05
-5.571390926087866,1.3611059362034315,1.4051991878646353,-94.71,-80.44,106.25
-5.5715306797642565,1.3603402966121179,1.4051948922302577,-94.86,-81.36,140.35
-5.567085778591113,1.3610577940387993,1.4053111558655484,-94.82,-81.48,164.32
-5.576033516527046,1.3440764066403126,1.4168290800487109,-95.38,-80.94,142.2
-5.7043339363260515,1.1698032303128498,1.510474727941842,-92.78,-80.01,156.57
-5.749558231762665,1.01594652645943,1.5761445278077153,-93.75,-82.85,207.91
-5.639818894154411,0.97957977993755,1.5870888262796596,-82.88,-77.73,330.6
-5.551814509993724,0.7233834568539806,1.4871165004572346,-99.18,-85.01,39.99
-5.462178979499755,0.7038223115046868,1.4559518399747136,-90.82,-85.91,233.41
-5.401919507900591,0.6810285230760306,1.3903939367964457,-92.47,-84.84,285.5
-5.3857278480670745,0.6465567329513121,1.3565843706889347,-87.89,-81.72,295.81
-5.398830339542075,0.6579668166801177,1.3449912146671164,-88.1,-81.1,269.91
-5.409799821136892,0.6550749680185137,1.3452781678823442,-87.15,-79.41,433.05
-5.406827648723323,0.6575051968800805,1.3462848568683299,-88.52,-81.62,349.42
-5.395104897973196,0.6591769139866693,1.3446149232373819,-90.57,-82.31,258.72
-5.405009875475376,0.6982093280214772,1.341645762704659,-92.01,-83.67,243.25
-5.3975610522792214,0.7152284766197228,1.3352526828951632,-91.64,-84.13,264.33
-5.411857985799262,0.70325414609776,1.3356795604353595,-90.48,-83.23,301.13
-5.429803911181019,0.7021847716933309,1.3353680815953777,-90.11,-82.3,270.36
-5.447085683517227,0.6940866417120474,1.3314980097681068,-90.22,-81.97,294.55
-5.435997168258404,0.6981194335066814,1.3312092519062104,-92.54,-83.94,284.86
-5.440497368352288,0.7018813154049073,1.3320884473010726,-91.82,-83.19,218.8
-5.435949006316499,0.7035399769423398,1.3274652214460334,-89.71,-82.03,237.51
-5.427888213319521,0.6919386112680882,1.3227523128447918,-90.8,-83.12,288.41
-5.4368346089090975,0.6970341476861958,1.3227987764527653,-92.39,-84.29,299.27
-5.438763092671951,0.699543141891321,1.3224325957553766,-89.43,-82.62,307.2
-5.43547742651708,0.6921137027692719,1.3232465023229112,-89.51,-82.94,308.28
-5.447526784312407,0.6970369870174964,1.3245140868814167,-90.82,-84.13,292.24
-5.447048297074991,0.6943644139284381,1.324235406721419,-92.39,-83.1,261.81
-5.44489342378603,0.6965669216516077,1.3212602835075944,-91.48,-83.44,249.18
-5.450035229816923,0.7001862075869861,1.321707393292053,-89.89,-82.52,370.42
-5.443016039671092,0.7198281077328638,1.3400257083651361,-90.21,-81.66,264.08
-5.45400538649415,0.7430235295487122,1.3571542298230994,-88.57,-81.63,338.62
-5.461759288949303,0.7028457623734546,1.3750644244110053,-88.81,-82.62,301.08
-5.480264179923698,0.626845292017692,1.4004027895994648,-87.75,-81.25,353.67
-5.43339202884402,0.5532224670780638,1.4246772333996371,-86.07,-79.4,346.42
-5.300323855808215,0.4805300850564962,1.4473925862959411,-92.02,-82.99,178.71
-5.039553703408301,0.36420862854792246,1.4867071140525272,-96.47,-87.72,195.67
-4.771955952146128,0.33791226645493067,1.4799701825891007,-98.58,-87.68,76.53
-4.502066407238923,0.2896278057773428,1.5201836473520645,-91.92,-82.53,308.98
-4.203158688189576,0.2139344985429952,1.4243032151997124,-93.49,-82.07,207.62
-3.5611640725020197,0.15193685347003974,1.4185180464357843,-90.02,-82.26,324.23
-3.1388141163626946,0.20422654567175827,1.463002001905612,-91.26,-78.86,311.92
-2.8258294713470278,0.18110326025281637,1.4669041825198508,-88.11,-78.19,386.23
-2.440479441761955,0.20175085658351782,1.485813280231937,-75.56,-73.05,475.02
-2.108688985755907,0.24938940743055735,1.4737028439601387,-76.21,-73.37,419.27
-1.7852009821558876,0.2863237756718035,1.5000692964221214,-76.56,-71.63,395.68
-1.4642902397827524,0.30436663715815493,1.4845024163503753,-76.7,-72.19,418.93
-0.9535337926834617,0.3490599183199859,1.4897087167915155,-82.14,-74.25,335.95
-0.6832913003773923,0.4053747198039657,1.5007988313470702,-93.9,-77.97,185.52
-0.4074846128211016,0.43567326258011063,1.5041999869307345,-80.6,-74.77,397.9
-0.11171017367494564,0.4417062390842387,1.493378997771329,-77.34,-71.66,387.2
0.37150077588754826,0.4571839669645377,1.498531731672734,-74.97,-69.28,341.25
0.6221374801857882,0.45523940310860844,1.5214327892657304,-85.0,-75.81,391.5
0.8852862993102174,0.4723363636231363,1.5088070074975735,-80.25,-73.16,328.6
1.1817715515974303,0.4818141092932153,1.5353154070822048,-72.71,-70.12,309.55
1.4811194633828428,0.4786389022400247,1.5233996482971952,-74.8,-72.36,410.62
1.7367143238712508,0.49194416641886923,1.5075252973533184,-74.89,-71.31,367.15
2.241308322956426,0.524522151917884,1.500433895990076,-74.14,-69.69,269.67
2.4893437859347047,0.49880347303299816,1.5036782457743605,-75.26,-71.46,429.07
2.749000101127886,0.5553869606016435,1.497313010802946,-77.17,-71.67,389.48
2.9910737392824527,0.6644095884776088,1.5100876750529741,-75.7,-72.72,455.3
3.2706034500689145,0.7446085257778331,1.5144388780747309,-77.59,-74.72,463.73
3.691275495308195,0.792968786804029,1.5133203787586735,-82.66,-76.91,369.58
4.054430734107259,0.9143048974926276,1.5168388577641123,-84.48,-79.14,412.73
4.262464934274065,0.934013472901615,1.4968291093062986,-98.32,-76.28,61.46
4.703627543243364,0.9115990113326702,1.51891767079232,-81.39,-76.43,407.15
4.983853453471788,0.8785205606148742,1.4993169087232538,-80.4,-74.38,459.33
5.073430381593884,0.7951334112568091,1.4615846076101466,-79.26,-73.84,322.87
5.08841633408935,0.6432530374486012,1.4486894757610287,-81.12,-75.3,480.42
5.137903682842936,0.6117448232030339,1.4683115952122023,-79.86,-75.54,474.53
5.167510421241337,0.6076117805466177,1.4837564096177895,-83.42,-77.35,389.84
5.161211913839976,0.5818577624397281,1.5118351350055843,-91.29,-81.75,263.07
5.0430317040407004,0.5045653251487169,1.519074056076328,-93.1,-81.36,172.67
4.808212889961465,0.4101343504493781,1.5341980778342736,-90.12,-78.98,285.02
4.6400570083699755,0.3379894719511674,1.5420551163761218,-85.96,-78.13,364.4
4.420494331270249,0.25461563191199194,1.5368461427648046,-82.67,-76.2,386.2
4.148040752390728,0.24931563610877697,1.5153016203371426,-82.36,-76.75,430.52
3.850830476740676,0.23708080343814356,1.537111392674908,-80.74,-77.0,442.75
3.5778950154803093,0.21520137848527568,1.5296608266180773,-81.74,-75.12,398.06
3.3122549056424706,0.2101021383215803,1.5325579752680951,-81.03,-74.26,339.62
3.0259389159253534,0.19431881126777473,1.5078479517791115,-81.19,-75.77,436.17
2.675195820531756,0.16851763881276932,1.5131548388359188,-87.17,-74.71,219.4
2.361284556214864,0.17185872345191058,1.503521022719019,-84.37,-74.89,364.02
2.108941418830195,0.11134533774294433,1.514301948455112,-88.27,-75.62,331.52
1.808991454303727,0.09940495488732927,1.5165578240560909,-85.29,-72.38,239.28
1.5124617213656484,0.05954508395857963,1.5137057784980656,-75.91,-71.46,385.15
1.1486396811687358,0.012559883400580634,1.4963159592862532,-91.96,-72.36,83.67
0.9215620553047218,-0.027406633026003865,1.5014955265413301,-89.68,-76.12,206.38
0.6699462920808383,-0.0665228610116769,1.5044048520740876,-75.94,-69.46,312.45
0.41587890713563225,-0.09239265286958322,1.4685961268356473,-75.75,-72.4,429.42
0.12005093435565627,-0.08952400854107846,1.48759330099539,-82.64,-72.81,271.27
-0.135591988087326,-0.12712997127744857,1.4774407629007151,-86.05,-71.9,19.4
-0.40213077479411524,-0.1373466694727555,1.4995347946526758,-76.25,-70.91,365.98
-0.6918968608850614,-0.11794869370200221,1.499988356465638,-76.61,-71.06,346.12
-1.0067580073061773,-0.06405360524491477,1.491843822008939,-76.15,-71.0,392.16
-1.2881782999356135,-0.06033290593423982,1.5049734027061126,-76.08,-72.18,372.71
-1.5573604260065153,-0.08336803447513107,1.5033653825620126,-74.35,-70.49,417.2
-1.8939095184529287,-0.09268845022177902,1.4801017255382765,-80.0,-72.8,386.39
-2.20300391367249,-0.06254225353433075,1.491447209713044,-86.62,-74.74,280.03
-2.497005048227212,-0.05370634717520786,1.5113863852530454,-83.64,-74.54,280.4
-2.974327140643037,-0.09264813430865551,1.4961728097980391,-74.49,-72.58,489.83
-3.333215464207459,-0.06888825454488257,1.4924330827473689,-74.99,-72.41,500.83
-3.62556812502944,-0.10152688502469935,1.489019836804552,-81.63,-76.08,398.67
-3.899252038424227,-0.15513680235964522,1.5020298114559956,-84.58,-76.22,354.52
-4.176186155443128,-0.1849736480214377,1.4927456061803492,-81.0,-76.12,397.91
-4.485764113981609,-0.15885067081487897,1.47738042036281,-81.2,-77.38,457.83
-4.764749232088742,-0.17871098360791443,1.473091034733861,-82.94,-75.88,347.62
-4.969196902860162,-0.25171766822580766,1.4795605249860653,-82.8,-78.08,361.33
-5.184904133504903,-0.33115650265980584,1.4730252887259412,-84.04,-78.38,386.33
-5.376884536965116,-0.3906528621313428,1.4604112049587155,-80.51,-75.57,404.59
-5.574171982489736,-0.483088216349957,1.4814142348384762,-85.61,-78.04,368.77
-5.629830032291595,-0.6374112880390874,1.4889035217951012,-81.1,-77.04,418.77
-5.634844948393447,-0.8659123674277852,1.501861758660404,-83.87,-77.43,352.79
-5.641066435877755,-1.0532069790729546,1.5052471583455604,-80.18,-76.32,388.3
-5.669289672148246,-1.1645564185295403,1.5136434365420448,-81.91,-77.04,420.61
-5.719142837837418,-1.2843384252564023,1.4827547241883199,-81.68,-75.57,329.25
-5.794766592018655,-1.3693286677819851,1.4713795872176865,-86.07,-81.12,358.02
-5.846517349929996,-1.4509264673819247,1.487593897696192,-89.35,-82.19,283.05
-5.855185499000085,-1.4616043752035848,1.4912306895348884,-90.99,-82.61,268.31
-5.776244203736821,-1.4772131538129771,1.4936777223389408,-91.48,-83.33,207.32
-5.6222981296979295,-1.5410988610990137,1.4945952440603771,-91.82,-82.03,229.65
-5.3631800889599015,-1.5676562533874407,1.5099421472040444,-90.02,-80.63,311.97
-5.115052520034367,-1.5472432813013552,1.5142731550350639,-88.16,-79.78,327.65
-4.86442919302086,-1.4865443181539513,1.5217089533596808,-89.04,-80.33,360.46
-4.615886952868835,-1.4624811240049327,1.51870127743893,-85.65,-78.19,321.85
-4.209331296659724,-1.4384108207730508,1.5273965514304102,-82.39,-76.53,417.56
-3.8388256903677545,-1.3894303996932151,1.509241598785577,-83.18,-76.38,395.83
-3.6026455863574176,-1.354205299891911,1.5275634000399227,-80.99,-75.56,373.4
-3.234328035209816,-1.3600447161949594,1.5027406641637262,-79.74,-75.32,438.05
-2.5772006364980506,-1.375596344264117,1.5175523296266948,-76.5,-72.16,416.08
-2.090577261007361,-1.3344999728747446,1.5533391441035609,-79.7,-73.76,389.85
-1.5927144237279516,-1.3314665841452333,1.5146011789834126,-76.76,-72.77,465.95
-1.1054430150983978,-1.354599642749845,1.5028005433420493,-77.69,-72.08,411.98
-0.6889876500075095,-1.352039542356541,1.5158936686888085,-72.68,-69.23,355.36
0.007281218095286127,-1.361885276049205,1.546963207290129,-72.88,-69.57,367.77
0.2289548212769327,-1.3532157026500464,1.5670134903575748,-72.69,-70.25,333.38
0.500958883625358,-1.3399662197947575,1.599802518742931,-73.11,-68.9,409.68
0.7246657856554185,-1.3058884518894085,1.5824787641617049,-73.97,-70.09,402.36
1.0288118394125396,-1.3096135953607038,1.590355752380702,-85.99,-75.62,394.59
1.290907458518621,-1.2744992027103135,1.5884223397515411,-95.31,-79.25,156.11
1.508522774463877,-1.2515186730954602,1.6005646469417114,-91.38,-81.87,244.34
1.7799743380825608,-1.2437667476622793,1.5748865139197152,-97.02,-78.8,91.81
2.1802110490072923,-1.2357578243229557,1.5504489212352388,-97.13,-80.98,158.11
2.492875066446199,-1.2677370118059745,1.5496722782521861,-93.52,-81.81,209.29
2.710405683908744,-1.184201107326026,1.5692672460346744,-94.59,-80.44,224.33
2.9926502884441017,-1.1398031785325091,1.5672412262639963,-93.83,-82.99,206.39
3.296248348408911,-1.0720268345175439,1.5514292293862688,-98.94,-82.74,143.72
3.5773096440639898,-0.9719482152996217,1.563383629580444,-93.56,-79.96,199.74
3.8227546301080406,-0.9213052559722097,1.549315014954107,-106.82,-87.94,26.68
4.0372327692851675,-0.8249798745415361,1.57325414670164,-104.35,-84.45,25.84
4.33130828890889,-0.7839234027136174,1.541220034470785,-87.42,-78.18,340.23
4.547232789295688,-0.838679104732422,1.5403303676708102,-84.37,-79.01,354.58
4.76974248313595,-0.8004233125045549,1.5338834493965772,-97.11,-80.57,49.59
4.926909105457059,-0.7720109165389442,1.5196700720656457,-93.21,-78.84,114.06
5.013595574887719,-0.8038089008708611,1.507050668143997,-79.88,-74.0,392.88
5.113950719083711,-0.8563711609329138,1.4816931424537814,-77.33,-72.75,413.7
5.219705247689401,-0.8889900238786264,1.51860665953926,-85.74,-78.08,371.08
5.18532032192239,-0.9370195678071488,1.5191679333282297,-83.97,-77.99,288.0
5.1802714342329885,-0.9850733601260113,1.5207863833668107,-91.45,-80.73,181.53
5.084716503541259,-1.0175568405107416,1.5110274878086396,-89.04,-80.4,329.62
4.629673098936126,-1.0879784113079856,1.5193900554484467,-90.27,-74.97,264.58
4.34922340996939,-1.1479656447582114,1.4908431911064257,-88.89,-77.64,318.69
4.071469804380644,-1.178387586325579,1.4826553747119948,-87.91,-76.99,226.75
3.7133004285649616,-1.1483294105908786,1.5022661622546716,-83.09,-75.51,339.39
3.3869636992654675,-1.1409859158999536,1.4842230936887444,-77.71,-74.3,413.58
3.16462894096251,-1.1247762820440184,1.5047412419040909,-79.65,-72.48,401.36
2.8773429651825797,-1.151276483354924,1.5115767412236594,-78.56,-71.32,400.12
2.3067333304080413,-1.2070814343523364,1.5265762801842844,-86.78,-76.24,285.6
2.0107036106870035,-1.2344257431483363,1.4976773129370822,-85.15,-75.04,350.88
1.7304595118232469,-1.2394905705417982,1.5094130530000238,-76.51,-73.23,391.73
1.457962125953406,-1.221583187765093,1.4981426778282836,-74.72,-71.1,416.5
1.1182083156010152,-1.2130921270818817,1.5245919030275905,-75.9,-71.3,386.73
0.7848839583064979,-1.21011736104634,1.5088391476719343,-80.59,-73.75,424.69
0.4501998924737122,-1.1991318169275547,1.526726900539289,-81.15,-73.73,355.96
-0.10463534169531283,-1.210961141986413,1.5111447834767384,-75.46,-71.41,331.5
-0.4019874224043719,-1.238018123331087,1.5202084682659385,-72.06,-68.44,328.95
-0.6873605277727977,-1.277290697334803,1.5273028422354502,-78.34,-71.1,267.1
-1.037018344008,-1.2986216975370521,1.4989667643005424,-76.15,-70.2,262.98
-1.6184834889686472,-1.2823970264971944,1.5024690169921187,-76.58,-72.89,455.41
-1.949093482338356,-1.3280155274256809,1.48859228452136,-76.62,-72.15,408.64
-2.2459342904547195,-1.3652643874178805,1.4994125479204423,-80.45,-73.61,356.0
-2.8180504956823733,-1.3629587063092745,1.5032503270437252,-86.08,-76.08,351.23
-3.113994540724578,-1.420933588410834,1.4951388013754747,-83.76,-76.41,416.52
-3.37804958762467,-1.4639809998823443,1.4983008653196752,-84.75,-78.43,419.6
-3.6848662496343434,-1.457641904612604,1.4750934328873782,-84.08,-77.42,374.42
-4.1031480867639925,-1.5148741252120879,1.47057978412086,-81.46,-76.37,418.71
-4.31883602149272,-1.6028248880511682,1.4729557028801648,-77.13,-72.91,462.39
-4.5345824984074055,-1.719251065157452,1.456414540303306,-79.27,-75.23,405.02
-4.7390522542700095,-1.7801243608410793,1.452301035435828,-80.34,-74.5,283.75
-4.836283969349321,-1.9387833728147477,1.460741780564052,-86.66,-80.25,368.66
-4.885845111111731,-2.1171189883621375,1.5054725244550686,-88.17,-82.53,357.96
-4.9714554649802345,-2.2365375312469897,1.5425963639929092,-87.33,-79.93,329.83
-4.9360525615137245,-2.2855596607173054,1.4700630957870358,-89.84,-80.62,289.08
-5.003431921516213,-2.3710103497476767,1.471315115676466,-89.2,-82.3,295.48
-5.073772565048446,-2.556263702123599,1.4921568889037384,-87.39,-79.13,322.29
-5.108403366798605,-2.6815742522787396,1.487505550873989,-90.24,-81.14,369.87
-5.08984853061663,-2.7320049211731496,1.4971416983802612,-89.11,-80.46,334.64
-5.0574334864991926,-2.720284862166745,1.517351957519409,-85.29,-77.28,361.54
-4.944848477813775,-2.713966570423661,1.530066696616214,-86.6,-77.32,328.6
-4.6553992136667945,-2.7495919758859904,1.5238715992778185,-84.39,-77.49,325.5
-4.461738127490147,-2.7218634327471105,1.522530936020471,-83.89,-78.31,363.12
-4.228069310458648,-2.7342111318151665,1.5255248295735375,-87.0,-76.71,268.48
-3.953386765785479,-2.7675191284327765,1.5215164668725125,-87.49,-80.21,318.88
-3.6521109349609904,-2.7591925520150364,1.5122125442593308,-85.7,-78.91,327.54
-3.1086182593323435,-2.746727618259072,1.520139025994153,-88.56,-75.15,248.27
-2.773466899045557,-2.754891070334853,1.5351992380388253,-87.99,-75.75,319.5
-2.4278324614226365,-2.784443011188218,1.5072307568987495,-88.55,-78.25,326.38
-2.063377333441478,-2.7767365712017305,1.5263089776331282,-85.3,-77.76,386.02
-1.7491925375781223,-2.776245037603414,1.4999053544617822,-83.01,-75.82,284.86
-1.4128602417090474,-2.7611294125664556,1.5179800405506734,-79.21,-74.17,431.16
-1.0949965000231319,-2.792195948509516,1.481130716556514,-78.81,-73.57,421.45
-0.7338146705948855,-2.7823556148019133,1.4879345540900544,-80.8,-74.3,366.9
-0.4046723793726106,-2.784756267363469,1.4812096229712324,-87.01,-74.9,302.62
-0.2267259165335598,-2.7840221018325266,1.4932545449607415,-89.08,-74.47,318.82
0.3520727187110175,-2.7651791591903656,1.48935701628441,-81.2,-74.37,419.84
0.7232653372104334,-2.734453861649384,1.511053883708858,-81.5,-72.56,296.93
1.0523705290130112,-2.7351363842083454,1.4987029960426321,-73.94,-69.66,364.92
1.3283840510818687,-2.736831961648742,1.5157032509899078,-74.91,-70.06,380.46
1.6012959558380329,-2.7513187748860712,1.5049661839058983,-78.51,-71.93,304.84
2.2804835785426274,-2.7611701772224477,1.5022917209085573,-81.39,-74.28,379.68
2.591995363496839,-2.7577046333780464,1.5022045527112287,-83.7,-77.78,314.65
2.852466550902889,-2.774126807871064,1.5099095843382835,-80.87,-75.38,454.52
3.1414737926770497,-2.803539777082533,1.5047760775794714,-85.68,-78.28,272.69
3.452693305680942,-2.792698269051709,1.5229959253101233,-82.51,-76.44,377.92
3.751910250579569,-2.7717058969339976,1.5057810052676004,-82.61,-77.81,377.35
4.006344529119974,-2.7317287319410752,1.527426835283143,-80.63,-76.7,375.27
4.265794722797773,-2.669248762153899,1.5140427294117418,-86.68,-78.58,320.38
4.5188211179346505,-2.548526922600354,1.524213174218118,-77.64,-73.73,458.38
4.6747890919043025,-2.3826174529543374,1.5057389272908492,-81.37,-76.43,325.58
4.70578567351657,-2.2154738529385827,1.485936484078408,-93.99,-82.58,185.83
4.626691517922817,-2.0673080723938777,1.4960123281286086,-88.76,-81.26,285.55
4.525371498726026,-2.056870377882335,1.482367094634941,-85.68,-78.58,306.46
4.431386201190146,-2.116286391420822,1.4873367926894983,-78.03,-72.56,362.37
4.396871018194026,-2.081367585661184,1.4790724670290731,-78.8,-72.44,409.14
4.323077638408087,-2.0988400544341057,1.464269171041558,-75.86,-71.85,459.17
4.277161233583713,-2.0967449976636634,1.4479725820833336,-77.19,-72.24,446.25
4.290794780220264,-2.067620538580802,1.444819242951475,-83.89,-75.16,369.12
4.292653420350521,-2.0782354914747425,1.4351548619743097,-88.48,-78.37,274.35
4.276562836024509,-2.08655637674227,1.4326050713107172,-89.71,-78.01,241.38
4.276364731668867,-2.077686531200951,1.4377973565945485,-86.83,-76.74,292.72
4.261012188570875,-2.0880147318525157,1.4333087571873504,-95.22,-79.38,88.85
