-0.8972449180408071,2.0157482275175895,1.4328289507242469,-82.08,-73.88,203.22
-0.8951262333092029,2.0070941532271,1.431812014070088,-80.34,-72.63,323.69
-0.8874120465401067,1.993130871603445,1.4352394737934582,-77.57,-71.09,333.21
-0.8853153967360252,1.9739330082691275,1.4836654109358143,-77.75,-71.81,320.37
-0.9294784971501442,1.9576127800257541,1.4852919065436714,-78.6,-73.17,346.08
-0.9795096182832104,1.8866638098138289,1.3572577661557694,-78.77,-72.71,351.83
-1.0396272133349662,1.7428903416251853,1.348993821732501,-80.31,-74.16,325.23
-1.1161990630761145,1.6091624540308829,1.3897849889884155,-87.06,-75.6,197.65
-1.166345548549613,1.567358617540085,1.3236286954751628,-88.32,-75.57,252.0
-1.2448004063412594,1.6237953827709841,1.2713795097375007,-86.19,-77.54,295.75
-1.256451156685577,1.6657203754129948,1.3217199234988188,-85.01,-75.21,235.08
-1.2443871987522082,1.6499475850105139,1.4147465402622987,-83.96,-75.37,215.28
-1.2032462346784023,1.6442991682086145,1.2869460264855883,-87.03,-74.04,131.03
-1.1869227224960566,1.5619362814582363,1.2618721732820943,-85.0,-77.16,239.48
-1.2097017190689485,1.4499097311934406,1.3753566828302086,-80.24,-72.84,312.66
-1.2937011939129486,1.4058128300536497,1.3680706277605788,-80.93,-74.44,398.58
-1.3627648452757084,1.321758888113825,1.2472094279503745,-79.01,-75.36,390.29
-1.4364381018135972,1.1624821077841259,1.2396339892596848,-82.2,-75.99,340.23
-1.5315994414359764,0.9435683967420279,1.3439995596681362,-75.11,-73.13,523.42
-1.6486913952801228,0.826779364415273,1.3262854726318745,-77.26,-73.06,464.11
-1.774627556051007,0.7376426497325056,1.2234857857350037,-76.79,-73.31,396.4
-1.843118701689914,0.6230394253173974,1.2627048898869324,-78.59,-73.81,400.66
-2.0002665241851463,0.41880987059625147,1.443264251184845,-78.08,-74.23,457.73
-2.2580130608164093,0.2790595520127713,1.5066637498814597,-75.82,-72.83,509.03
-2.2410716371619785,0.2521748595865439,1.3994522167285686,-79.64,-75.94,496.6
-2.2199605700792335,0.22304984478103795,1.3770066212725083,-78.7,-74.6,414.8
-2.3990491419091695,0.05885017228846039,1.5763372606554842,-75.06,-72.36,468.47
-2.51246897637029,-0.1055961287396173,1.5703976907753432,-76.67,-73.72,490.23
-2.6928472338724485,-0.1465402905392128,1.3989225656040314,-74.79,-72.66,471.75
-2.57746168136389,-0.12099157408207405,1.5308812036840613,-72.13,-70.6,352.96
-2.5532019578368614,-0.2034963007289361,1.4396603487932562,-71.79,-70.19,430.93
-2.382219225670825,-0.27726437687139893,1.5567144445087429,-73.55,-71.07,398.36
-2.191895424063097,-0.36010387125028265,1.5402705327454367,-73.42,-71.17,424.2
-2.00392243150533,-0.4487640639343403,1.3325353552879928,-73.46,-69.53,394.38
-1.8842771355432717,-0.5032558577482138,1.4789197191587033,-72.97,-69.8,313.91
-1.6532964314247989,-0.5291004350505975,1.5322053632523,-74.94,-70.53,382.05
-1.3838033177501428,-0.5307738042384617,1.3586676482338664,-76.53,-71.37,362.21
-1.0406296840781608,-0.4516172469254192,1.4515655556096048,-74.04,-68.91,294.98
-0.8480054013469295,-0.3697458922490126,1.432202260590475,-78.21,-70.9,378.79
-0.6229501031352654,-0.2529445411362946,1.2010446092769818,-78.83,-69.14,319.92
-0.5624668458795701,-0.18066084386226872,1.1519539924923172,-74.91,-68.97,323.93
-0.42717853426767854,-0.04259185299274159,1.2623992472280314,-89.58,-77.05,231.72
-0.3860528211340054,-0.004962406464245169,1.0995653826412255,-84.45,-71.89,176.13
-0.3077169776048353,0.07467218827985336,0.9129288528572367,-77.55,-68.92,244.36
-0.35141613357002116,0.1685597491011782,0.8007292655477093,-75.1,-68.29,344.98
-0.40891334508198784,0.22444302571615174,0.7253260411121848,-73.76,-70.07,274.17
-0.35261518206407205,0.3152364062596714,0.7036516069968519,-72.66,-67.51,371.75
-0.3414712815523237,0.24725793811630914,0.7661946729618475,-75.19,-69.13,285.15
-0.2295424674526574,0.3001659479851447,0.7418134459279043,-74.87,-70.24,295.55
-0.14729394359769066,0.34091946917427096,0.7523564370077847,-74.82,-69.17,243.03
-0.09280853431746618,0.3651464476333224,0.7732828607137198,-76.26,-68.77,273.77
-0.0433545221276583,0.3895836010280385,0.7844818966033624,-75.76,-68.93,294.97
0.10462472082522112,0.40297252724949567,0.7791304889134493,-74.23,-67.72,386.35
0.18792908757832025,0.4426869499355343,0.8138440558063076,-74.82,-70.78,459.35
0.26013229541893407,0.4443381181206788,0.8310683738050498,-74.86,-69.56,379.2
0.3504747625828168,0.4162415668777671,0.8390107855215273,-72.23,-67.92,271.88
0.4219440613787416,0.41988012942001357,0.8667887777757137,-72.66,-69.17,226.31
0.4506994668498167,0.3889500510221018,0.8609430676304923,-72.83,-68.97,216.52
0.48665669610930556,0.3182099021274102,0.8540090875632044,-73.76,-68.31,257.03
0.5594837416311607,0.2837312179101801,0.8640703036834041,-73.91,-67.96,218.59
0.6009626434483426,0.264782179217359,0.8728696008411787,-73.09,-68.7,260.57
0.5905458620775684,0.18307088321307605,0.864873056480562,-72.05,-69.17,229.76
0.624692411985531,0.1403336830032858,0.8850001839791366,-73.27,-69.64,268.08
0.654354239954385,0.08080644095161806,0.8985386468154934,-71.33,-67.65,201.85
0.6236458234171092,-0.08587288529250073,0.9146158156668371,-73.82,-67.45,256.89
0.6340556194956367,-0.1416883692152881,0.898295462808465,-72.91,-67.97,280.8
0.5222816560473664,-0.25531306600238474,0.9370671663272936,-74.12,-69.52,413.41
0.4801030964030835,-0.3626119847167088,1.120341963114283,-82.98,-70.48,173.67
0.5038695141868759,-0.438262881631688,1.1004578586802374,-73.33,-67.98,256.06
0.5076644381534772,-0.5770972583613344,1.0828407994401652,-72.56,-68.05,196.85
0.4764034844983511,-0.7746142217032882,1.3069289566405438,-76.89,-69.04,200.4
0.5196467690089357,-0.9574537311911498,1.2850685382901403,-74.13,-69.62,285.82
0.531532925065613,-1.138699943321916,1.3190781848500934,-79.96,-68.91,388.33
0.5233775991921252,-1.3266302889964747,1.53396678002541,-80.06,-71.0,286.65
0.5253235640289681,-1.4845102397675347,1.4910549736291165,-78.68,-70.73,343.27
0.5778292969293248,-1.7261433104814707,1.6235453952583783,-75.48,-69.48,368.17
0.7368405300400136,-1.751933000737884,1.5582710219140794,-74.41,-70.39,350.38
0.8712719343777051,-1.6952307024006554,1.5051742377887543,-77.69,-70.78,307.72
1.0268618086463728,-1.6503653631518225,1.6636504233932707,-76.45,-71.65,226.56
1.1459224259669698,-1.6350551210966855,1.6087216199345906,-76.3,-71.25,430.77
1.3411935777633575,-1.5688064463901061,1.5157580567763649,-78.91,-72.17,359.79
1.4285445572920774,-1.4955559838387789,1.6219421245684407,-78.76,-72.19,388.45
1.5587276684187097,-1.3920530639014286,1.6035919330042436,-73.14,-70.99,360.21
1.693399319704474,-1.2263913633536896,1.496497905580421,-72.06,-70.34,442.35
1.7193676375635418,-1.108831053721448,1.619988146795844,-74.52,-72.01,451.25
1.8005637129871768,-1.0359452204765984,1.6138612784975535,-73.4,-70.13,450.0
1.8435912345362904,-0.7951378635639283,1.5089208663260487,-73.62,-69.2,393.25
1.8916193537299202,-0.6315778323463566,1.4734826933357688,-79.02,-72.97,455.67
1.89692882720612,-0.4210905101218975,1.557842486197573,-77.88,-73.63,439.62
1.9042445710992617,-0.24845156894933723,1.4742057241837894,-77.82,-72.61,416.59
1.9123081257954702,-0.06062938149339434,1.4331634224791034,-77.68,-70.45,355.25
1.8608298551931652,0.11709444686822205,1.449456969012491,-73.8,-69.56,455.6
1.8761199685397538,0.24968572008171994,1.3709427800324596,-73.08,-70.2,357.29
1.8563342313136968,0.4170013801582522,1.3676355628779846,-74.16,-70.09,480.39
1.794575706916653,0.5314600342776247,1.3694428478178364,-72.3,-68.95,311.48
1.7075665882055115,0.6066879131582881,1.3473606199451915,-74.41,-69.89,332.73
1.636972941751357,0.7367518863312887,1.4956171391836857,-72.63,-69.94,225.91
1.5626456181615411,0.9298864936010183,1.4746699759668755,-72.46,-69.1,236.29
1.4590202511790846,1.0399600089361387,1.4262079198570334,-72.14,-69.18,262.69
1.3529455164211064,1.1344071710899715,1.5491911862541772,-73.81,-69.53,330.6
1.2491028664600143,1.2720845837104184,1.5574634233321452,-71.41,-68.26,387.4
1.0963893741485091,1.4011859335988577,1.4546604993598922,-73.41,-70.31,380.1
0.9185240254219847,1.4591887213189063,1.5117946097527886,-73.15,-69.58,383.62
0.7418899664012459,1.5352256735957592,1.5349094044851481,-76.48,-69.17,383.87
0.5680966705713381,1.6362126918440447,1.4599400228874955,-74.33,-70.49,434.92
0.3817229932720264,1.637896860136606,1.564797694488671,-76.95,-71.25,439.52
0.2443155830271556,1.603051861965291,1.5133186442567832,-79.62,-72.67,448.7
0.014551609592234999,1.6059119211837356,1.4072606472177847,-84.84,-76.04,439.23
-0.1555927659433335,1.5645052697195145,1.4842727628000352,-77.07,-72.02,537.75
-0.315225319326508,1.5082685843638537,1.593495093305423,-77.93,-71.21,345.6
-0.5205315027636094,1.4445198398605485,1.4334420567202792,-76.01,-72.14,481.36
-0.7215792993915137,1.401789756172985,1.3558249194007088,-82.65,-72.99,310.75
-0.8491826601715221,1.3169667989001441,1.5102076468968608,-83.05,-73.84,302.56
-0.9624057432710413,1.1988413889860146,1.5332781183188446,-92.07,-73.35,159.54
-1.1229378378747963,1.0681917932458116,1.3614141589750617,-88.24,-76.83,36.27
-1.3876790705781892,0.8670372275384007,1.5094134896365607,-76.08,-71.34,332.73
-1.5941566041414892,0.5565894921733202,1.3738667707470387,-80.36,-74.43,430.84
-1.7718816805114215,0.40737647953722544,1.4658572764779771,-79.39,-73.22,471.5
-1.9402641155849933,0.25462690388338927,1.5137855226496864,-81.73,-74.83,349.91
-2.0690158405605494,0.10422670949898225,1.406082985887442,-77.82,-73.72,405.48
-2.230506465836796,-0.040827166043471794,1.5495228003395554,-75.68,-72.8,319.98
-2.4120657699047383,-0.17317800291040267,1.4734973141484162,-76.87,-73.27,535.31
-2.607310700241223,-0.4880041989202468,1.5814076025449089,-75.77,-71.84,461.2
-2.6057893317049285,-0.6581645457172093,1.4785241709202712,-80.45,-76.2,430.17
-2.6317363844980446,-0.7958045439189767,1.443799132159423,-74.78,-71.62,333.56
-2.610918637691361,-0.9310229785443875,1.5917546514849714,-76.82,-72.74,419.85
-2.522431933633477,-1.094617313553287,1.4815610513020858,-79.88,-74.71,402.32
-2.44218966082726,-1.235738719188249,1.3823293950476656,-86.7,-76.12,417.3
-2.3601471711469038,-1.4600843582597325,1.5544600125139723,-78.98,-72.36,357.19
-2.232696634208173,-1.6357035019577095,1.4715345066084669,-90.44,-78.64,360.14
-2.1225216967501366,-1.8421741131283054,1.3845628080603298,-80.68,-74.31,437.93
-2.12985655527139,-1.968157179959862,1.4641680959464516,-78.31,-73.54,498.55
-2.0223143091870153,-2.160759266319403,1.5786800560117498,-77.24,-72.19,440.05
-1.8402291148951424,-2.349552052244062,1.4585524015452986,-88.58,-75.05,301.55
-1.6799850985606524,-2.5715879729834024,1.5014481758935405,-74.44,-69.9,356.77
-1.5800876359646898,-2.72700884675567,1.5483866111495843,-77.41,-69.4,398.39
-1.4169693846196236,-2.880270467271562,1.454508740988938,-75.66,-69.71,325.75
-1.241793466385235,-2.9623110566042805,1.546465472923416,-74.84,-70.48,299.41
-1.1077941573175532,-3.107793404095483,1.4999200973962372,-76.19,-72.23,500.94
-0.9320231266280744,-3.123354938195442,1.537312855915384,-74.14,-69.27,418.73
-0.7622883530799743,-3.142154727614462,1.4795429677533622,-73.89,-70.52,458.17
-0.6055890528073523,-3.121724616577322,1.4324343410108675,-74.47,-70.73,342.13
-0.49074064372861315,-3.0823406535518414,1.5515642184508962,-74.9,-69.7,316.54
-0.3525562453596239,-3.068979402381583,1.44554022275699,-83.91,-74.96,319.98
-0.19529624897816794,-2.928471638007189,1.4959446967117636,-87.0,-76.12,470.55
0.02659162891377096,-2.9486246197518478,1.5915516158501855,-76.95,-72.22,439.07
0.2458063154367168,-2.9253169134512365,1.460094903583196,-83.23,-72.98,249.31
0.47667534885849505,-2.779844612990666,1.3684993987368952,-78.14,-70.76,313.42
0.6724484021697886,-2.66171257809912,1.4874540153258302,-75.4,-70.51,237.35
0.9167568819996766,-2.6101077320078994,1.548719531230283,-77.66,-70.46,263.21
1.1342167640573853,-2.5802615204116166,1.4228268904955494,-75.85,-70.6,299.27
1.3289470250798328,-2.5161636207064624,1.4205510092600606,-74.66,-71.39,445.98
1.5553726847717593,-2.458486954047598,1.5550958612670602,-76.59,-69.98,318.62
1.7615409951097987,-2.411208146635719,1.496058652574849,-82.99,-75.91,433.2
1.980784858563002,-2.3145400124391142,1.3607664484956512,-81.34,-72.11,327.9
2.1405159980880906,-2.213252832318813,1.4948393545738117,-78.85,-72.69,452.32
2.3548015814082235,-2.151753599398034,1.5919256179342194,-79.31,-72.08,344.77
2.5548851144593168,-2.0218687820811856,1.4137027790502061,-78.77,-72.15,468.61
2.7473518515952167,-1.8930068977436088,1.3744016865551338,-78.17,-71.8,424.27
2.914078955182345,-1.7698613330745017,1.491253421640232,-75.45,-71.77,486.17
3.235791667379611,-1.5795565100392852,1.5236059108301399,-79.27,-75.21,506.47
3.366628931041246,-1.4138737064164482,1.4150344170886,-76.66,-72.9,445.98
3.5235452608492377,-1.2658372885414324,1.3952117936956538,-78.71,-73.77,526.75
3.6563329469164567,-1.0995637059307968,1.5765391235313597,-79.99,-74.04,427.25
3.758304711595847,-0.9160828837912244,1.605938013878979,-83.06,-75.52,381.73
3.820848190332873,-0.7200633336449295,1.434523836150081,-78.28,-73.27,345.6
3.864500483399405,-0.5628025770431054,1.3864740710584504,-80.23,-75.57,470.58
3.835084406431857,-0.39960087256705945,1.4796403968231517,-80.17,-74.16,425.33
3.846341887509274,-0.22952012280234876,1.449624241039379,-80.94,-77.42,384.5
3.9174108609450506,-0.06393341745795357,1.3606022400842022,-77.02,-73.09,465.81
3.9170178843516825,0.08130447394504783,1.3943805759626982,-81.13,-75.65,425.61
3.956860703181823,0.15453226478146792,1.3597494103497958,-77.05,-73.08,378.92
3.9679050957411874,0.20458672384998106,1.318513944818898,-77.52,-73.44,443.2
3.9707540237777845,0.2245213903488459,1.3383094030207774,-77.7,-73.63,490.58
3.971607315286435,0.21252375550816366,1.3288204808695359,-77.57,-73.55,475.83
3.9734202952177524,0.2050456833992792,1.3244792089274293,-79.65,-74.09,471.23
3.9752659915926967,0.21331182005050892,1.3119887678162596,-80.67,-75.51,422.04
3.912285204093341,0.1778242452161626,1.3675936587717927,-78.28,-73.28,451.2
3.944409242349981,0.1785123458489926,1.3748689919190789,-79.76,-74.75,376.25
3.961028945770618,0.3001409263845469,1.3457766665691488,-79.33,-74.06,410.77
3.9356811012932384,0.4659527108884089,1.4815359400851935,-79.54,-73.19,438.05
3.893541699585948,0.6412518718403944,1.477617704012919,-78.75,-73.92,489.69
3.784376043903783,0.8771377081857804,1.4149375732944554,-79.38,-74.87,403.19
3.704856830392554,1.0608069768009112,1.5287641199008961,-75.33,-72.88,588.03
3.6228993880756653,1.26660423503231,1.473014254255801,-80.09,-76.26,428.0
3.4788916936799335,1.421542123419481,1.4180046517400604,-78.0,-73.54,404.23
3.2594084856299435,1.633420948920769,1.5016427141547448,-79.68,-75.37,494.81
3.1164693822500595,1.8126603803584418,1.4004798025655874,-80.0,-75.64,479.02
2.9096076074189634,1.8539469460727824,1.5106730258863736,-76.54,-72.68,521.97
2.736517153997357,1.9511913820818123,1.5616387676681707,-77.72,-72.5,489.81
2.5647489955389835,2.100834511867004,1.42929294663652,-79.96,-74.17,436.55
2.3358572582096775,2.2503042575294696,1.4515102932735988,-75.98,-70.85,312.32
2.143945104699791,2.3096388255114726,1.5291342328067838,-74.66,-70.26,347.38
1.8952956049818366,2.363657203134051,1.5041008942671406,-81.4,-72.46,423.42
1.6434732933067715,2.475548598249438,1.3988056652525755,-77.51,-70.14,356.63
1.3726462337959717,2.594693151212989,1.4554182572352135,-75.67,-71.52,432.27
1.1454277898928804,2.622980724037049,1.5227825922837217,-82.02,-72.83,355.89
0.8398288813963594,2.654912972244075,1.4095709004470462,-82.04,-74.14,391.5
0.5045030759772057,2.685505294461461,1.4224902604566196,-83.19,-71.77,275.81
0.22753895624859655,2.713491101301681,1.446386172974198,-85.83,-73.38,322.29
-0.033168875544868665,2.747869682013094,1.432535039047761,-85.13,-75.1,336.39
-0.32824498070686825,2.628591765389964,1.5023408021764564,-86.42,-75.53,275.46
-0.6351122898163698,2.611592600801184,1.4719081939249061,-79.4,-73.93,474.6
-0.9991303352288822,2.5630068689576455,1.4224522241574837,-77.33,-72.91,437.25
-1.2568049771392842,2.4891418379274617,1.5261332880372407,-81.14,-76.03,429.23
-1.51987167984145,2.4551682885529793,1.4536850672137902,-82.79,-73.59,421.58
-1.8148585275762052,2.3785395404168064,1.4248468122952775,-89.73,-75.97,305.2
-2.106076892172531,2.3350945596191988,1.460582956074857,-80.93,-75.7,356.34
-2.375219520792541,2.221329666313624,1.401294914597439,-78.16,-74.28,471.61
-2.6133694363373237,2.099782884917867,1.4942354243329121,-76.28,-73.28,490.69
-2.940031016410206,1.9158627711985483,1.3969288040087047,-77.1,-73.43,462.69
-3.2582102621146256,1.7063656134459022,1.471562275127106,-78.39,-74.78,571.69
-3.4468363204480648,1.5857589785979207,1.4115297270131126,-84.5,-78.13,354.48
-3.6962829275189204,1.3974171857822584,1.401930250611038,-83.74,-76.96,488.83
-3.925132160618072,1.271208762593348,1.4424071842616157,-80.13,-75.47,373.77
-4.135586177067661,1.089612183099036,1.403014119773807,-82.69,-77.26,369.15
-4.312700405006427,0.9103422397299872,1.4470996148362911,-78.63,-75.16,439.92
-4.529240418020273,0.7416013632757651,1.3772143282640534,-78.2,-74.72,461.48
-4.712988113221703,0.5840366332089965,1.4416603870933475,-78.34,-74.3,421.55
-4.937396328375384,0.540878650072512,1.47442523744759,-78.93,-75.91,443.84
-5.066827968631152,0.7145261430336568,1.7663119402343876,-77.61,-74.21,399.27
-5.302074101806073,0.3346143681600574,1.475297291182688,-79.1,-76.44,494.85
-5.47498165600275,0.187594604257567,1.4172293645353027,-79.54,-74.94,420.9
-5.659172518646825,0.09256693833658633,1.4797892137120783,-79.21,-75.96,417.02
-5.774587265975227,-0.011676477391152745,1.4575690075052148,-79.86,-76.85,412.23
-5.885903022285814,-0.20754559199962022,1.3981937253780088,-78.47,-75.74,413.83
-5.931368978128266,-0.37148561832132226,1.4756747823352732,-83.13,-78.7,357.04
-5.904168044449605,-0.532247175343087,1.3944482620617773,-82.99,-77.67,487.6
-5.881554537751764,-0.72936731462495,1.418758505434931,-83.79,-77.26,409.05
-5.921233414566906,-0.8815196218926308,1.4255010186420198,-83.7,-78.19,421.68
-5.944554380454706,-1.0823857487482464,1.4026460016401374,-83.01,-78.81,414.25
-5.950183393533618,-1.2902496897822213,1.4305770651217637,-87.04,-78.35,313.2
-5.9053192627411555,-1.5252445859650898,1.3983076484711112,-83.61,-79.22,406.23
-5.904501837441417,-1.8988872348665142,1.4093585254252667,-86.86,-78.63,382.77
-4.115554941917762,-3.19678405528975,1.434383809193214,-89.34,-78.88,236.07
-3.8803931927633744,-3.233035341158273,1.409572244231737,-88.38,-79.28,388.65
-3.5660394304151035,-3.3048332486473724,1.3922593528551046,-85.08,-77.74,412.93
-3.2820415519620485,-3.422268423035146,1.4275493897139713,-80.81,-75.4,482.56
-2.995831406443342,-3.514731094459655,1.3971522221097004,-81.69,-75.08,487.0
-2.689258944372177,-3.5895315206599836,1.4399408018755622,-78.34,-72.77,446.61
-2.3814780713171166,-3.645192418061328,1.4107042117509565,-76.43,-70.59,415.59
-2.0456133536275414,-3.7257292137878295,1.420514986411224,-76.21,-71.15,362.61
-1.7445972475277078,-3.729560342897952,1.417511232071895,-74.79,-70.74,374.38
-1.409340159309749,-3.7110407897536324,1.3565134819032627,-73.62,-69.12,292.58
-1.0860265994495446,-3.6687664744323225,1.3856255429619535,-73.9,-70.95,298.75
-0.8251595453732938,-3.6179637426962956,1.3961211426528348,-75.8,-71.58,391.5
-0.5502763610887482,-3.560141780774219,1.356884249616773,-74.75,-69.89,360.08
-0.367002627068,-3.4719446432599486,1.3573477726263934,-76.15,-70.41,433.45
-0.11348609770710003,-3.3512741414737777,1.3815297786834313,-75.65,-70.14,415.23
0.22227161663141956,-3.2775186892166515,1.4022479378694925,-73.86,-70.12,278.43
0.7005184305506249,-3.1260340828354223,1.3271976409740773,-73.77,-68.58,249.66
1.0160432654283018,-3.1250880200006184,1.326711929755135,-73.21,-67.42,219.76
1.5030882926660527,-3.1815326250583493,1.3767899908656056,-72.57,-68.87,340.65
1.8070573811985444,-3.149810629158333,1.402985808365894,-73.83,-69.29,396.79
2.114694147930729,-3.186323453672455,1.3806490206609858,-76.08,-70.37,297.66
2.3925882653734445,-3.158063612585691,1.3964611529035496,-75.0,-71.57,478.65
2.6428743740243155,-3.1361402103185156,1.4027093005012452,-78.54,-73.67,336.81
2.9362434859176365,-3.046351796305469,1.3971409801242596,-77.72,-73.54,510.17
3.2368415543739557,-3.0011919158782243,1.4078979383622439,-80.2,-74.37,425.52
3.523206840841576,-2.9591889142842915,1.388067571829365,-79.57,-74.44,459.0
3.7984366967865775,-2.938654455153335,1.4171315869421495,-86.67,-78.4,365.65
4.100424644201641,-2.8863661626046135,1.401920628908992,-81.88,-75.8,365.62
4.382467870202294,-2.9470477467101253,1.4249499858255865,-90.11,-80.44,333.29
4.633878916878302,-2.978588356755635,1.359941529745437,-91.05,-83.32,271.81
4.91625646861381,-2.9677821378066307,1.3077567420555223,-96.94,-89.15,168.23
5.212097503667455,-2.966407177159887,1.371829441870095,-99.96,-89.85,162.59
5.597717600632893,-2.9783016381796927,1.3535873784701904,-88.77,-80.82,281.7
5.740069086440334,-2.922372132308181,1.4025555433225287,-93.58,-85.65,257.43
5.827877921513831,-2.785234075051026,1.3543137982227846,-91.67,-82.79,239.73
6.00465613495048,-2.4712713469092153,1.3523023664644698,-93.96,-83.14,206.17
6.06219370726572,-2.298139552801658,1.442077342828008,-93.61,-79.33,150.58
6.093811293703485,-2.053925997691822,1.3727241945607283,-95.18,-80.15,162.25
6.1024903117896745,-1.8080167199581372,1.4262955160889468,-94.84,-80.59,163.88
6.151139280039614,-1.6091877160950008,1.4029245609180858,-97.84,-84.04,157.15
6.11019175455878,-1.3667245381287878,1.3396087296330481,-96.88,-87.05,190.3
6.097879341059012,-1.1337268394787041,1.454949649407824,-100.77,-86.49,151.41
6.146763207464117,-0.9086166314818885,1.4173729327456,-94.21,-84.05,199.38
6.165799468113781,-0.6820013229273205,1.359493236228,-93.14,-84.87,243.11
6.1540724101511906,-0.48003794360027396,1.4411042603352704,-94.21,-85.61,250.94
6.138006282610066,-0.07547156744289975,1.3773326937919295,-94.17,-81.25,169.23
6.113338393794564,0.17364874835718563,1.3480098970136025,-90.09,-81.2,262.64
6.0537787033135535,0.400166380590388,1.4194372637557784,-93.24,-81.31,172.78
6.032497987216851,0.6179584618371864,1.4522946261543785,-90.75,-82.12,275.45
6.03349560032877,1.0454385851070866,1.382429998931396,-88.18,-81.24,360.96
5.986736653799454,1.3666918631998553,1.4755729797585266,-90.31,-82.92,318.81
5.967546160310579,1.620752015926452,1.4151047612167196,-90.12,-79.06,277.36
4.448271463517083,2.4666529044466237,1.366969487668433,-86.8,-80.38,412.75
4.106286785574659,2.190578090825038,1.4076266153452817,-88.08,-77.49,182.84
3.977614274265481,2.0379349190757896,1.3375025546689783,-87.28,-79.71,403.5
3.892050147018015,1.8049541094499424,1.2464102436135434,-88.14,-80.59,372.08
3.8201972582560986,1.540942547987615,1.2063943130182737,-86.17,-78.37,330.9
3.768803658582251,1.3433138969763796,1.0764110212579197,-84.96,-77.05,311.55
3.708092362800944,1.098550402233939,0.9121243421544506,-94.6,-82.01,194.15
3.6598034322002726,0.9353123747994877,0.8809109428797945,-84.67,-77.72,416.88
3.6252725804454036,0.8480880899250008,0.7972547921626488,-95.21,-82.57,142.28
3.5909815862798222,0.7451184482385628,0.8213356233889264,-90.21,-79.52,229.58
3.5381642081062568,0.5782018601006287,0.7835055648199569,-87.39,-77.05,451.45
3.470389480351973,0.4744392764482171,0.8064158718469373,-80.06,-75.58,457.9
3.317737634260609,0.2890482465944929,0.8005216811754926,-85.09,-78.11,365.56
3.1516035387771977,0.07023344120086229,0.8111552285809105,-91.58,-84.72,289.11
3.0389476708202907,-0.12070967598766558,0.8206461035898396,-86.09,-78.89,286.72
2.8699348072947104,-0.31811135228844045,0.8202332639115736,-80.89,-73.58,390.55
2.709572978628901,-0.5173248704216112,0.8260917374837987,-76.91,-72.93,429.18
2.545520062837566,-0.7188596528544099,0.8282593153988088,-77.04,-73.05,444.27
2.33952098137696,-0.8916737739089583,0.8297530102013966,-75.58,-70.87,499.83
2.119435889690535,-1.0686994865159154,0.8355517104030172,-76.6,-71.05,348.04
1.8999413508673606,-1.2090172661701424,0.8382064198691789,-72.0,-69.17,318.18
1.6255800072212274,-1.361815942687851,0.8400571161532475,-72.78,-69.57,275.63
1.39319518274538,-1.493825349723019,0.8449545987192664,-74.27,-69.18,261.4
1.1495751942855488,-1.5917297544277875,0.8513689911209382,-72.51,-68.24,275.19
0.9008944573477001,-1.684797623776728,0.8627352186233562,-74.13,-68.77,306.96
0.6500963939532005,-1.7628031206684578,0.856045017124733,-74.03,-68.8,386.91
0.38745779679351044,-1.81926047830448,0.8632580736040788,-72.95,-68.38,369.69
0.1642439645900432,-1.8445573156764201,0.8481164772713092,-72.8,-68.42,301.77
-0.043830238496205896,-1.8665046228616133,0.8649834581309366,-73.4,-67.85,207.27
-0.273173190875961,-1.8543494085178878,0.8514340848731122,-71.76,-67.49,215.05
-0.46943055034506753,-1.8343030706796526,0.8467013710492592,-72.75,-69.11,276.31
-0.6737974434200876,-1.7633138875006853,0.8396133411834649,-73.78,-69.2,270.25
-1.0265414789577905,-1.7018759161157229,0.8621847902045312,-73.21,-68.05,280.65
-1.273671354408537,-1.6729305693402259,0.8638489099709745,-72.35,-69.38,241.15
-1.5795785197777852,-1.6710980452068909,0.8685075569706273,-72.85,-69.49,365.94
-1.8342009131456447,-1.7082064381798963,0.8824447881798496,-76.4,-68.69,389.05
-2.0832571095522456,-1.741443204654448,0.8968942176709449,-74.55,-68.81,399.68
-2.359119105519035,-1.7776250394522657,0.9280079041060254,-76.46,-70.91,341.95
-2.566663648255464,-1.7881536818946915,0.9222072562295791,-79.69,-74.08,459.93
-2.7959502197869286,-1.74243357124259,0.9049252972435908,-78.55,-73.43,400.98
-3.025990014283614,-1.6509024224926157,0.9258284645963737,-83.93,-74.39,379.55
-3.230262369177919,-1.5363830623074208,0.9431702903287957,-83.19,-76.72,361.83
-3.412966413487359,-1.3735427833118532,0.9439269155511766,-79.5,-75.01,495.17
-3.5639485103790722,-1.196559659427701,0.9580837740820145,-82.7,-76.8,421.44
-3.698854920800695,-1.006870405940434,0.9576895881516804,-81.62,-76.9,456.85
-3.807236272190399,-0.8179623221589828,0.9504847147942017,-81.68,-77.22,375.17
-3.9379684988422317,-0.5731640405854245,0.9603742170700643,-82.67,-77.85,351.9
-4.038535636650159,-0.3849396896462456,0.9739478257276837,-84.92,-79.03,342.98
-4.103215633331557,-0.21491819355042646,0.9792306843707983,-87.64,-80.06,338.62
-4.139243486870188,-5.4059831205840904e-05,0.9637542280277405,-88.74,-81.01,315.44
-4.129022540855623,0.18514580968027344,0.953583647828637,-92.55,-84.01,246.25
-4.0370067895542,0.3276639338330664,0.9498522096212701,-90.77,-80.15,273.02
-3.8483344749616526,0.5307019362582274,0.9564519246637521,-89.49,-81.41,287.0
-3.65896856277227,0.6296478548379589,0.9584256283225874,-86.57,-81.39,430.15
-3.3643470106544684,0.6792099865124118,0.9692861865643996,-86.94,-80.58,380.63
-3.0568310239208674,0.6795481306414504,0.9639027411987182,-82.22,-77.58,400.36
-2.7592804600121013,0.7074934503734177,0.8919836102021004,-76.86,-73.94,465.9
-2.4275641681695435,0.6926069920752866,0.9557210274680015,-78.63,-74.72,480.25
-2.0924392437822887,0.659414021093874,0.9599862090616328,-74.53,-71.85,394.45
-1.8192724342634627,0.6461469532344494,0.8936156981599376,-75.4,-71.13,375.62
-1.495888229224735,0.6132141567357492,0.9388008672514218,-75.61,-70.72,412.52
-1.1681310670253493,0.6536446411406637,0.9387453330643944,-75.37,-71.78,298.21
-0.9049868961789427,0.704506899839364,0.8929742593402622,-75.47,-70.56,365.98
-0.6001142960130224,0.7018954701046054,0.9490645225738259,-72.12,-68.72,296.15
-0.13029554374429386,0.7219466925815886,0.9157337345854449,-74.67,-68.15,349.42
0.28864486712814685,0.67294046527478,0.8965661415984296,-75.55,-70.43,459.6
0.4934469253427094,0.5885679384986612,0.8871219476682707,-72.36,-68.38,435.77
0.6415785488628398,0.47055127686654347,0.878889610738119,-73.92,-68.18,195.44
0.7027985999352018,0.2794525875969923,0.8563171372735535,-72.92,-68.42,145.41
0.7125356986891349,0.09930219206480402,0.8428642055581135,-72.34,-68.46,202.02
0.6750456830100572,-0.06710175249100393,0.8453537667601474,-72.04,-67.44,178.56
0.6030113378244496,-0.22813632964925148,0.8312704651733105,-72.47,-67.38,192.0
0.4981090448125686,-0.3892117288936751,0.8347890327721958,-71.82,-66.99,242.82
0.43266808852113964,-0.5025252515186115,0.8522672374109,-70.89,-67.89,221.87
0.3324291993660798,-0.6052421590497096,0.8511437021163313,-73.14,-69.6,258.38
0.19989842026428625,-0.7002904044295447,0.8448599201319984,-75.14,-68.52,207.54
0.014131919607689133,-0.729669568529243,0.851152836975242,-73.37,-67.49,173.47
-0.1885355411050172,-0.6567349791344622,0.8368167731601248,-72.65,-68.41,251.32
-0.3904500423388966,-0.5388942408232168,0.8612482113239078,-78.32,-67.7,187.67
-0.531820837071857,-0.3909964696125271,0.8750303826350251,-72.03,-66.36,268.69
-0.6235192582507055,-0.2399455150132327,0.8573851103745413,-74.4,-68.72,276.31
-0.6982999684544207,-0.035091015463787754,0.8604246311975483,-80.67,-70.14,202.0
-0.7245590858111186,0.1909240631743922,0.862876089551256,-73.34,-69.17,329.23
-0.7244684042277157,0.2714047319461867,0.8849589320284709,-72.83,-69.94,272.53
-0.6453144125657804,0.46857383888745213,0.8646428975399394,-73.91,-70.05,322.98
-0.6307753776636015,0.5270733987332469,0.9590826264854345,-74.57,-69.39,327.0
-0.6680966197977539,0.5647755371735795,1.0282983925774485,-78.01,-68.57,438.95
-0.7163187338515702,0.6469960371336236,1.0535607312327575,-77.63,-70.16,363.65
-0.8154303369639896,0.7271191716150789,1.0717086381771486,-78.2,-70.2,306.75
-0.9380074481067567,0.68804417085204,1.1165394403978097,-83.2,-74.47,250.61
-1.0952991643058438,0.5889508084495464,1.123104004003159,-82.22,-75.01,476.08
-1.1776693331237584,0.5903669579197477,1.1206108868948195,-90.13,-79.15,298.95
-1.2132931612427942,0.5065032619633321,1.1269274557050748,-99.0,-86.76,143.46
-1.2713157713399361,0.40721199915090656,1.0775574502798977,-91.92,-83.83,302.66
-1.2673125173797457,0.4202313869073813,1.0111787936630126,-86.44,-76.21,397.02
-1.1865645042797284,0.45594560124785016,0.9419251683445273,-87.98,-77.97,348.38
-1.1830482274058745,0.4417826228527941,0.9286137329378764,-76.46,-72.39,441.5
-1.100163433974491,0.43945279072092847,0.9229928696594059,-73.92,-70.4,453.02
-1.0800256647651942,0.4518912458446138,0.9264538618636329,-77.03,-73.06,396.11
-1.0898313947507916,0.4595075062748629,0.9260917208776089,-77.5,-73.41,492.08
-1.110613571443986,0.4578579142320815,0.9225175887899719,-80.5,-74.88,373.4
-1.1123683779490798,0.4599987877558693,0.9220427061205562,-79.28,-74.02,431.38
