-4.872706095423813,-2.598016078700254,0.19589098752935014,-92.29,-88.04,64.4
-4.885588538967145,-2.6328078798356094,0.17814764207060588,-92.23,-85.72,62.64
-4.894244577583993,-2.6762415296182036,0.17456493672315507,-91.76,-87.09,69.72
-4.467558954976266,-2.7060590158067757,0.1922935099659267,-96.05,-89.08,37.97
-4.330912514278973,-2.7345400632283297,0.1935084042908,-92.64,-88.73,73.35
-4.202471934620514,-2.736416383434294,0.20300081195739014,-96.07,-90.12,53.85
-3.7694650345295173,-2.6989731509357533,0.214651371573149,-92.97,-88.88,65.46
-3.3023708174634026,-2.6399737671009706,0.2359619753575269,-94.37,-90.01,80.65
-2.9856619244344897,-2.6228799789614152,0.24233323880810473,-94.78,-85.85,36.42
-2.7428746478676476,-2.6173076931656714,0.2393204647480142,-97.12,-85.02,39.14
-2.5259770087154743,-2.6150225329498547,0.2192813448087212,-102.92,-90.16,23.95
-2.262164049413453,-2.593884865370145,0.2164218377359402,-97.91,-88.22,33.16
-1.886108247043688,-2.5859876890096336,0.2151407453054981,-98.14,-89.25,14.64
-1.6437884003320848,-2.5719793231044155,0.213701625378326,-101.92,-89.74,29.95
-1.3840488306573155,-2.5565780021942284,0.2163400350731281,-94.65,-87.48,52.8
-0.9128794093790943,-2.5220669283275163,0.21947689000191348,-96.1,-88.43,39.12
-0.6383988440590884,-2.495234176957105,0.22952415434456477,-93.56,-88.43,53.23
-0.40462502585471677,-2.469563400165056,0.2613558723227534,-89.52,-83.12,73.86
-0.1875787558731703,-2.3094694218318765,0.33870412684599593,-90.95,-83.28,66.62
-0.13243013089597694,-2.1240467885600958,0.37173753310658164,-86.99,-80.6,71.25
-0.09512067045764008,-2.0845234387181337,0.3446000879022788,-81.54,-78.18,94.61
0.30334480329440466,-2.1529540327738976,0.3308289378856881,-76.61,-73.68,77.94
0.7806680617153553,-2.179886717073544,0.34224098635323597,-76.47,-72.99,80.76
0.9858566622903249,-2.219450743629132,0.3176297628643824,-75.05,-72.29,62.68
1.2102016217407845,-2.2651368212216805,0.2741224168596445,-75.66,-72.66,59.54
1.4898250147789458,-2.268210418217614,0.27449581677391544,-75.01,-73.22,80.83
1.7253524690170836,-2.2507271659324424,0.28559798414468374,-75.55,-73.51,82.19
1.922115476033218,-2.2672160978163878,0.27559160525233795,-77.45,-73.12,76.92
2.1855335263955578,-2.260075170436953,0.26740980762719274,-78.98,-74.07,93.26
2.410662995886822,-2.246580151990416,0.27282797962420846,-79.9,-75.59,78.97
2.665477434616081,-2.2458796594238244,0.2809258271949116,-79.74,-75.76,73.25
2.9445387864965187,-2.2449204324701086,0.2719365598574288,-80.08,-74.93,82.73
3.2420347092790465,-2.2391565555376474,0.2639196370387866,-81.62,-75.54,64.92
3.51415454183192,-2.2221370023012503,0.26126155417733116,-77.64,-74.86,85.16
3.7745986071899678,-2.2123082335543187,0.2663830709190398,-78.01,-75.52,87.59
4.0181969106348525,-2.2194138829198145,0.2653636856868782,-81.57,-78.12,77.18
4.240657820577815,-2.1774198396498954,0.273367357692268,-83.83,-79.52,81.52
4.426038997863166,-2.1433538017142544,0.2929805394855969,-86.5,-80.32,92.52
4.537966662593303,-2.089831115759408,0.34608614235240315,-85.81,-83.21,101.2
4.647077430603481,-2.006350741800173,0.4016660440591115,-85.47,-81.68,76.09
4.768786722555171,-1.9194726621322433,0.40665846284895063,-81.44,-79.31,75.66
5.022402440569145,-1.9195688162015527,0.3505901418353365,-83.78,-79.2,68.09
5.105146816691148,-1.833385281139999,0.36647465869644563,-87.67,-82.77,89.4
5.07313569396506,-1.845825948986467,0.3550272610411401,-91.44,-87.0,61.05
5.032230930002648,-1.8825807920448074,0.3099235343449914,-86.78,-82.53,85.5
5.015637640600864,-1.8167311491143985,0.29587653140590486,-87.5,-83.97,97.1
4.883092262901611,-1.7545328918275922,0.28676358033620725,-86.11,-82.87,75.76
4.6664164579929714,-1.7055035341900078,0.28702833344924655,-86.82,-83.56,81.78
4.463821580443894,-1.686999184581665,0.27880058143844966,-88.28,-84.04,90.76
4.238268310181497,-1.6941254376218025,0.28782136841350286,-88.55,-84.33,79.99
4.012360786336024,-1.7657967936604817,0.28153367768544196,-89.09,-86.05,84.02
3.720543938173589,-1.7992388954128926,0.28885148888951884,-86.25,-81.26,90.46
3.4784029574389708,-1.7953856315835386,0.2595692188204067,-86.03,-79.45,62.52
3.003335812395692,-1.7736436639903805,0.2457226161633341,-84.64,-79.59,85.13
2.7519207199840827,-1.8242533512291401,0.22531842163895652,-81.26,-77.83,89.66
2.2542191857284957,-1.7216985880114068,0.28021344585918884,-77.67,-73.95,81.26
1.8834269922235993,-1.7092874966081444,0.2364276462108062,-75.73,-72.86,80.9
1.639487323188246,-1.7439673435692602,0.23164580877442392,-77.91,-73.61,68.92
1.3968566351449256,-1.7510654865887014,0.23571282382290504,-75.64,-71.58,79.82
1.126514130903343,-1.7498536472703832,0.23354604781687935,-74.57,-72.24,78.39
0.8494629733046787,-1.786054898357025,0.2194625490127763,-75.09,-71.58,77.71
0.5780536843117682,-1.8268006253106572,0.2077404484302775,-73.74,-71.55,76.54
0.3264950128398706,-1.8434083079555947,0.20806033720993466,-74.44,-72.06,82.24
-0.009352182826165815,-1.8499712557853079,0.20745772322438555,-76.75,-74.0,62.13
-0.32518523854756665,-1.8670488559006233,0.21638233228805182,-82.05,-75.95,75.62
-0.6307498732676825,-1.8841869547353745,0.2093195742385034,-74.54,-71.86,80.22
-1.1259728385949404,-1.8878844922148,0.22524849731629576,-77.81,-75.21,76.84
-1.4110764073571758,-1.8960652184230615,0.24071409517690467,-81.15,-77.88,86.24
-1.728045946422928,-1.93424662383859,0.22748298468332134,-90.23,-84.05,28.88
-2.0074678558659516,-1.9254898370406741,0.22385879346914234,-93.96,-83.47,39.06
-2.2689816882517984,-1.9143845732129088,0.2196270050128871,-84.31,-80.75,86.93
-2.5622006684608776,-1.9389853749705963,0.23224213104962768,-83.66,-79.31,84.27
-2.906238537349743,-1.9594950182354725,0.23839235136577397,-82.69,-79.91,87.95
-3.1804178991464163,-1.9824106430710824,0.22949271430972862,-88.63,-80.38,76.98
-3.435180914734282,-2.007566574345846,0.20290027945276962,-86.04,-81.51,81.11
-3.907327583839831,-2.093915394793592,0.2180950690985328,-89.54,-83.89,78.68
-4.3977897079577275,-2.1010616492607843,0.2335645389493231,-87.32,-84.02,85.0
-4.619264540089064,-2.070447615692242,0.23103276574692208,-89.9,-87.03,78.01
-4.84108407391856,-2.129785445196655,0.2321114530289011,-87.55,-82.79,79.3
-5.054279465727327,-2.175513082674218,0.23445635567192105,-92.1,-85.52,67.08
-5.289873199366579,-2.2166357201857267,0.1920841772374758,-92.46,-85.91,43.4
-5.503735158977935,-2.150865364523531,0.22207419162859274,-91.24,-87.23,82.17
-5.635726722227381,-2.095762942774271,0.24107517170945936,-91.01,-88.51,80.03
-5.678715237284289,-2.1267009168064734,0.24227938059042156,-90.53,-86.07,69.39
-5.6902039654201575,-2.048648075858098,0.21925293257602688,-98.6,-88.81,41.19
-5.729562180206441,-1.8271915402890824,0.2977422832278135,-97.42,-87.76,38.66
-5.843688475792762,-1.6579285436153846,0.31790698408952534,-97.83,-89.37,43.01
-5.586729918817165,-1.6833826002475962,0.3073413757841676,-93.59,-89.16,81.43
-5.409584639108146,-1.7602549543330728,0.30943532872448437,-94.12,-88.93,76.85
-5.227312370638143,-1.7233989697456198,0.30189524502259885,-96.09,-90.16,60.41
-5.014083272654618,-1.6735833697346243,0.3082475287328761,-94.8,-89.23,63.4
-4.781374828569155,-1.6282391625484403,0.32956741471496903,-93.4,-87.52,61.55
-4.520523301613183,-1.5571802608622103,0.36132604578064387,-91.64,-88.29,58.99
-4.325727940740863,-1.5648895708279227,0.3489488782978708,-94.7,-90.47,82.06
-4.067636401383716,-1.6333403724228281,0.34132116137529933,-92.1,-88.76,81.52
-3.8237378373092534,-1.6533533174846544,0.3300351271066303,-93.03,-88.42,67.82
-3.5432807035423877,-1.6902153777563678,0.3239284898020241,-91.97,-87.63,69.22
-3.29284113574852,-1.6478403311342458,0.30965900040659233,-91.74,-86.69,66.54
-2.795392835755731,-1.6309265171409164,0.311202186610287,-86.75,-81.61,82.65
-2.4954764031155015,-1.6029567012121277,0.3215991785525007,-85.64,-80.87,78.5
-2.116584979388752,-1.595050356841443,0.3215095035312955,-86.58,-80.62,85.26
-1.8461190137894277,-1.5954297034086269,0.30864991377003353,-82.55,-79.8,85.75
-1.5369068108529098,-1.564380901114021,0.3068024021928699,-84.87,-80.2,76.17
-1.2012987496256415,-1.586057596557226,0.31059826845434685,-87.62,-81.96,82.01
-0.8927097842979758,-1.5584782510995467,0.30406521352176724,-94.35,-88.62,59.18
-0.6340371366682964,-1.5160452485794085,0.31538030160216696,-83.06,-79.45,90.9
-0.3580936566113171,-1.501009719563255,0.2981947188366734,-80.58,-76.69,84.47
-0.11410253904239247,-1.513400096831198,0.27253932762144584,-92.12,-83.82,44.05
0.16844354068363718,-1.2796862072900985,0.3990580183172215,-88.47,-79.65,58.05
0.29577373550131986,-1.0951333313118532,0.45775986061970564,-78.39,-74.74,76.54
0.5526321665586362,-1.1219510351235866,0.4108693639080708,-74.03,-71.37,81.52
0.8785867754394503,-1.1095723993650253,0.3980093138072384,-77.57,-72.33,81.81
1.135970604348759,-1.117885048990565,0.3900619806847604,-84.91,-78.49,59.68
1.3628003900698515,-1.1059506260844896,0.3712682411284565,-83.54,-76.3,73.79
1.6107319109243905,-1.157385106704916,0.32369833295647094,-75.7,-73.81,73.6
1.8628451193003914,-1.1691394941841422,0.3166436527183347,-75.05,-71.1,67.8
2.2274738826906124,-1.1635156483370797,0.30081714330838155,-77.31,-73.38,77.57
2.6477788413470753,-1.1159058984350714,0.32214435293001553,-74.81,-72.37,81.33
2.929441235313148,-1.0872819317390083,0.3385012933462561,-76.1,-73.95,78.3
3.1972074104301704,-1.0931714686441927,0.33561922036193886,-78.53,-72.36,79.35
3.4910288518561177,-1.1113347058663101,0.32046187428663,-76.28,-73.62,91.24
3.790589903348412,-1.1409440778614506,0.31172257198536574,-77.63,-75.12,80.0
4.027623299718463,-1.1090092096833204,0.332965901481673,-82.02,-77.92,72.86
4.227218329925997,-1.089880781465831,0.3524882262576479,-81.36,-78.29,82.5
4.410041643594437,-1.0937940396096857,0.34605043594975315,-82.97,-79.02,92.58
4.669941708849054,-0.9398931260411718,0.4639639930257685,-82.29,-79.13,77.01
5.017529369930646,-0.8948914937838461,0.5372043078284575,-89.59,-86.7,62.43
5.349279726934314,-0.9737031157010901,0.3653782028965375,-88.96,-84.39,81.3
5.340556926441065,-0.9262718866366755,0.33161954957114753,-95.06,-90.04,61.37
5.341976704524409,-0.6646452965529146,0.3380255315732137,-97.58,-90.57,46.38
5.270859136010254,-0.5886174948031253,0.3380467141489604,-91.99,-88.62,76.86
5.147426107223838,-0.5839657963490257,0.32521717028855873,-91.19,-86.36,58.88
4.937875546460728,-0.5579993571178243,0.3362582750095402,-87.95,-84.65,95.18
4.684628421906117,-0.5240897443942567,0.3411690053989694,-90.09,-86.03,66.49
4.420321868675282,-0.5628907423649571,0.35861685163177925,-90.14,-88.01,72.44
4.188689787481427,-0.6080048180218566,0.3384149453259858,-90.62,-88.22,97.09
3.8723884529933468,-0.6463851493254849,0.35613605049091546,-81.97,-79.02,99.25
3.566525018478269,-0.6136059902589316,0.33135104445559505,-88.74,-82.72,64.94
3.2788014778956867,-0.6208627431364894,0.31902839692757656,-88.54,-82.39,86.47
3.0233763398424647,-0.5544582772091665,0.2744912896692588,-85.42,-81.08,79.58
2.706989087711646,-0.5766061639347898,0.2791763528048283,-81.77,-78.79,88.04
2.391456126767442,-0.6401236045562677,0.29156665934360165,-80.73,-77.57,90.78
2.100904445418106,-0.7486735290605264,0.2952102919808811,-81.59,-78.7,83.42
1.8447411961078932,-0.7893035272436131,0.28705706801121494,-77.98,-75.57,90.52
1.3969808768324068,-0.7073817886396823,0.30905321631664906,-75.66,-72.67,65.45
1.1121860843760611,-0.6264487214016112,0.32249679374017487,-81.21,-76.53,65.64
0.8311279091750521,-0.6165082443494639,0.2917291162477834,-74.68,-72.05,85.76
0.6236065310317818,-0.662146484411134,0.29741369143794233,-74.03,-70.81,76.96
0.31965408147857743,-0.6268878151835768,0.30583716101458813,-74.32,-70.76,75.38
0.0039871685005638926,-0.6211254083403395,0.3272304954699539,-73.89,-69.78,54.71
-0.2698923381649744,-0.659859410282694,0.29891776233538453,-75.5,-69.85,70.15
-0.5390351547398398,-0.6819206010239202,0.27920061156440806,-74.96,-69.57,68.15
-0.849088528134825,-0.6613180987237239,0.2785142119867631,-76.02,-70.93,78.11
-1.1212281706961358,-0.6718566305912707,0.26980549245056246,-76.36,-71.89,77.54
-1.440213075580307,-0.7263169546362399,0.2543408846105816,-74.82,-72.87,86.31
-1.7561738823893644,-0.7491923569924718,0.24642246351689054,-78.02,-75.09,60.83
-2.049780291645415,-0.7385005397968201,0.22987809142377197,-76.38,-73.67,83.33
-2.311078950651034,-0.7237112995552631,0.23714343480230532,-75.77,-73.32,81.2
-2.57751551146055,-0.7056703686233595,0.22494688726443396,-77.83,-74.19,67.62
-2.937204483365116,-0.7388765996018583,0.228238156520866,-80.12,-75.76,79.18
-3.4660617203228763,-0.800819008504906,0.24161984806933617,-81.75,-78.16,89.44
-3.9967015783967104,-0.8841745344029398,0.23087452597112684,-81.77,-78.25,91.26
-4.304882308040317,-0.91988481357662,0.23959228044880226,-83.91,-80.74,63.61
-4.556410255898076,-0.9365918366111544,0.23262427474601158,-86.05,-82.85,88.53
-4.744343997118683,-0.9718452845042433,0.2529412323285756,-89.13,-85.61,74.84
-4.949401047952553,-0.9633336822648344,0.2335231837166929,-91.48,-86.03,52.4
-5.159064953023121,-0.8923853482185009,0.2505993398843092,-90.71,-85.91,77.96
-5.386266014416728,-0.7390040731242699,0.3097604017095629,-90.94,-86.82,71.12
-5.497145565733284,-0.7405152131679009,0.33426731751998523,-89.18,-84.66,76.23
-5.431726981430561,-0.7133421557315344,0.3131850924992472,-89.14,-85.78,90.28
-5.368710206958824,-0.6742007555374132,0.3126044729609304,-92.85,-88.01,63.02
-5.338761791115685,-0.6111689206557955,0.3061697134975563,-92.49,-88.77,74.79
-5.267188846669377,-0.5961893083544633,0.29070425676610556,-92.01,-87.92,65.96
-5.16609148097131,-0.5670734508255753,0.28982666320764644,-97.58,-87.23,38.46
-5.016402027681015,-0.46481932295478995,0.2809369932964301,-96.13,-86.06,30.48
-4.8490350379210385,-0.32487451937362544,0.29649434496863974,-94.18,-88.3,69.22
-4.621829612463495,-0.24652661696222702,0.322590830164817,-92.57,-88.46,78.4
-4.318350279078846,-0.26655743770038687,0.31837080362845877,-96.12,-89.67,42.07
-3.9864619814610425,-0.3442132002010131,0.29626915393880954,-96.17,-90.48,66.65
-3.7202775528108307,-0.3568751339196028,0.26705276189188104,-92.62,-87.75,75.11
-3.176813485126964,-0.37280859914316666,0.2785870583317834,-91.98,-86.19,56.89
-2.834823161039476,-0.3764898856241377,0.28993860964968116,-91.83,-84.18,54.7
-2.5068805798114187,-0.3363680676432019,0.3010352769783787,-90.45,-81.56,57.68
-1.9891750523207201,-0.36045032525806253,0.28421990576790446,-91.2,-83.65,55.97
-1.61003015813058,-0.3813621197383815,0.3009333322980596,-87.28,-80.93,73.95
-1.2937816786508094,-0.42734737064261463,0.28480247796534275,-85.94,-77.83,92.88
-0.9841218975540743,-0.5048279516401599,0.2531808099786438,-80.62,-76.53,86.3
-0.6720573488197373,-0.5626004148497818,0.25419419898032564,-82.7,-78.72,83.36
-0.33538565703590884,-0.572497819047669,0.24590741887002238,-80.16,-75.17,82.38
-0.020638193651779192,-0.5058643608292557,0.2715632166316848,-75.55,-73.33,90.64
0.3372942424618567,-0.4573756339014154,0.32419737871969645,-88.44,-75.78,23.24
0.6211358952619536,-0.6415681554519735,0.3621560623603958,-79.68,-72.06,80.13
0.6526071479284604,-0.805520439345874,0.300156714560402,-74.64,-72.52,96.24
0.6641317080378267,-0.7085363743674505,0.2757434835376742,-92.22,-81.42,42.04
0.779768230146214,-0.44148645665410835,0.28011322843887826,-75.37,-71.69,74.4
0.9933960905602633,-0.27814924531366264,0.2753729660645476,-73.57,-71.0,80.05
1.1885444867066843,-0.22854228391096051,0.2160794791023639,-76.06,-71.93,76.21
1.3829760716292634,-0.19550459740847503,0.2122973379397487,-75.36,-71.97,83.74
1.6547429816466035,-0.14758376345079216,0.18605970066829416,-77.29,-74.97,71.89
1.9915408660329665,-0.09479120656335407,0.19622024430411136,-74.93,-71.75,82.6
2.254681709256929,-0.0834037919864631,0.18928655463305,-74.45,-71.68,79.77
2.548644122083149,-0.03226204847750027,0.22796085347728032,-77.21,-73.94,70.38
2.8740213605671423,-0.008882694518301622,0.2091709774565255,-77.59,-74.32,76.92
3.2079183587530853,-0.00998393459980915,0.19350647009275862,-77.29,-74.54,84.02
3.6495327275452354,-0.059033805649856025,0.2023302750377694,-80.4,-77.31,82.2
3.9019076734685707,-0.06835192960932664,0.21608935590033784,-83.06,-78.97,82.13
4.187148988290227,-0.06328148586075871,0.1819103570919182,-81.1,-77.35,85.0
4.50318691682663,-0.05170418698003058,0.19057264615689576,-84.96,-81.66,101.89
4.677820444613457,-0.08598802845071242,0.18867121987204669,-87.04,-82.84,88.58
4.730222356149637,-0.05800231773704513,0.24055715426440974,-86.49,-83.23,89.13
4.751193021024679,0.13875857783435758,0.24885266073523907,-88.53,-84.08,73.78
4.734260707373292,0.3321772795351865,0.3182868537049265,-88.78,-84.61,94.59
4.773403133653818,0.47811028172867887,0.3920668666150872,-90.18,-86.22,69.36
4.883400895425113,0.5917189234937262,0.34553506999052686,-91.03,-87.78,82.7
4.794158861938582,0.6991223646227129,0.31075100035961306,-90.11,-86.98,82.24
4.55704577153534,0.6935440060740575,0.3643603870752568,-89.8,-86.34,61.81
4.334948118633669,0.8046599533728567,0.3275490075004894,-89.58,-86.89,77.95
4.0511730095172895,0.8422853851051864,0.32684768937763536,-90.22,-86.23,73.78
3.8266661706905603,0.8306915918798364,0.3136867597756118,-88.11,-83.21,103.13
3.559106878664671,0.763493103573309,0.3249565297884597,-88.78,-83.85,72.01
3.2876283688951204,0.777189333732652,0.3296346986675564,-89.08,-84.93,76.7
2.9665132895812234,0.784205479603577,0.32155841070892793,-88.21,-82.02,80.99
2.708804059252243,0.7759802520883186,0.3153639987417728,-87.28,-81.92,68.06
2.373764264632983,0.7507206327146276,0.322193138682897,-84.24,-79.86,70.51
2.084354760181322,0.7739694017961855,0.2988633835935033,-87.2,-82.41,69.05
1.7839080365353703,0.8176596268073588,0.26227308375448677,-84.08,-80.23,86.65
1.4453429414676209,0.8104346945327767,0.2689399962144098,-79.45,-76.12,86.23
1.0845992749264286,0.6862438593523981,0.3020001195262084,-82.19,-77.29,63.46
0.8160884862793707,0.6639037364635269,0.2881802147151638,-89.0,-80.26,42.03
0.5281169104211363,0.6936032599978662,0.24515073534756598,-86.43,-79.89,75.76
0.22234496568071233,0.6437765278926089,0.2606107929265791,-77.38,-73.99,74.23
-0.1129076431446512,0.5656710522227066,0.3272050396110956,-74.77,-70.75,75.93
-0.5023747427216892,0.6951392895793969,0.3758689921836341,-78.11,-74.56,87.88
-0.7020711391624422,0.9150036453793964,0.3631241262876589,-79.71,-76.34,90.57
-0.7116776554503433,0.9250752578165893,0.27279337037026596,-84.56,-78.71,71.44
-0.8824275187792326,0.7583724475859589,0.18312091221232724,-80.74,-76.13,75.78
-1.2634208136923604,0.5376495303253312,0.1485249156583458,-88.62,-80.55,63.4
-1.5399541308197067,0.5305751689202195,0.16773929944878938,-90.17,-82.18,50.56
-1.8238496127977375,0.4988998124341284,0.15257917747699473,-81.62,-77.7,71.55
-2.1571846348108767,0.44100156846011956,0.14631150808800558,-81.34,-75.66,76.35
-2.4735500181722903,0.4234965358329369,0.13186123191772955,-87.1,-76.39,66.53
-2.764938060861962,0.4189824115641842,0.16631482398219455,-93.13,-83.11,27.0
-3.058189650802165,0.3890982884587796,0.15320395129088726,-89.89,-85.27,71.67
-3.396372409685354,0.33506158983341644,0.1364630583592362,-92.6,-84.36,51.36
-3.6459559017930068,0.31399246916551593,0.13742481494663394,-91.35,-87.7,56.85
-4.095841899425332,0.3353745409561908,0.17507698427233173,-93.16,-89.24,59.07
-4.329560392968723,0.34867491660631994,0.12533248253796905,-92.38,-88.38,51.91
-4.57079030706359,0.3643767241336314,0.12441232485991884,-96.46,-91.55,54.48
-4.750122950392103,0.4373571021742283,0.10913596971350815,-99.25,-92.99,51.22
-4.874847610646671,0.4640917714035889,0.15654720877320305,-102.17,-92.79,43.22
-5.047415742106779,0.4499959376471058,0.106080879574366,-99.26,-90.1,36.74
-5.216299898742763,0.44920253704540014,0.10402800634108017,-102.48,-89.31,21.02
-5.317711612072266,0.5685592875793425,0.1422593679555857,-103.13,-90.79,20.65
-5.450596130809117,0.6349970070778693,0.1447586100839328,-103.61,-89.6,14.77
-5.364020577650227,0.6410610178666956,0.1759581111981513,-100.2,-88.73,23.44
-5.148803682805178,0.6736369071265059,0.1649411733824616,-98.75,-89.35,31.39
-4.972730529952395,0.7560843423309352,0.1506267309900569,-97.92,-89.29,44.24
-4.729901736240025,0.7946402033612991,0.14933308895601238,-95.04,-90.55,70.93
-4.489030830820473,0.7842967695273879,0.1679678488478674,-94.79,-90.65,66.88
-4.16222179907627,0.7866309095441415,0.16153718924956786,-92.69,-89.13,61.16
-3.8365030553260975,0.8115793214166908,0.16264890199441814,-91.72,-88.79,68.22
-3.509188707052669,0.8223782054429175,0.17498793475267108,-90.37,-88.33,89.88
-3.034800948327581,0.8491024142138721,0.17066569140437987,-94.42,-83.83,28.71
-2.4402149021341173,0.8910310830659495,0.1488519917301592,-101.36,-88.99,23.9
-2.0824851010043046,0.8875912593585391,0.15027772425594288,-98.46,-88.85,17.85
-1.7381536011407748,0.8734808046128314,0.18736615994109226,-93.29,-83.88,47.92
-1.37428145439511,0.8592186089022076,0.1634593931169501,-89.52,-80.8,55.48
-1.0839338808967138,0.8514915072160234,0.1736104929116755,-84.0,-77.67,82.63
-0.8027225354071383,0.8535675400955021,0.15307362842321515,-81.35,-77.84,73.84
-0.5146900637250635,0.8556582735250758,0.17245960010246425,-79.28,-74.76,84.77
-0.16312578666053432,0.8795355167709911,0.14762987646376238,-84.03,-78.33,69.99
0.15478557531179823,0.9045299756555388,0.16625442197254367,-77.76,-73.4,77.89
0.5027296889829987,0.9254425991216775,0.1610405296117891,-75.74,-71.63,84.98
0.7971771954966246,0.9604358933291336,0.17422461462736547,-74.72,-71.23,74.99
1.117620307049434,0.9875022662855212,0.16791684452980807,-75.01,-70.81,74.25
1.3981367594943939,1.0067114592616027,0.17139164099940613,-75.72,-71.98,77.22
1.7073746072362297,1.0083054827266944,0.16781661759593078,-75.05,-70.81,73.85
1.9952095611650917,1.0036683755201976,0.18757525949682272,-75.69,-71.89,80.01
2.2680670288260307,1.0444565332636695,0.17798586524342302,-79.78,-76.4,101.03
2.5325771543333278,1.0778701055083635,0.1706546442914064,-78.6,-76.03,88.27
2.8216563011000653,1.0854560588703235,0.16959965580393305,-80.49,-77.57,88.52
3.13577771459924,1.093858774926534,0.17749557286794065,-86.41,-79.79,67.48
3.4552079893060936,1.1367780110439492,0.18943315392156743,-84.82,-79.73,89.67
3.8128806564673665,1.161757218827605,0.18099827244310737,-86.68,-80.18,83.3
4.102349028178062,1.22943175150233,0.16491580663206445,-88.73,-81.0,77.85
4.352055324423845,1.2984039894986121,0.16832429213485728,-89.7,-87.12,87.76
4.578888651188014,1.3394945699314913,0.18651531899506874,-90.15,-87.93,70.46
4.888655256973492,1.3713640551778699,0.17496410714996255,-89.79,-87.69,91.44
5.103624422721337,1.3981930021433144,0.17826687907771216,-92.19,-88.89,74.02
5.22939973351473,1.4601068503849433,0.19676381238100876,-91.79,-88.03,60.09
5.200344699895343,1.5847731683235575,0.21753270453822002,-91.53,-87.13,81.89
5.00991952115263,1.8480951855204977,0.21366413917522425,-90.6,-87.88,72.38
4.9273905176466615,2.010200846872831,0.21212075946787518,-91.81,-88.33,72.21
4.862300946754958,2.2227811441565537,0.2281858065135399,-92.93,-89.11,69.01
4.766380412663977,2.2538720698888515,0.23785034713901326,-93.19,-89.55,69.9
4.793476984098196,2.0785007403482543,0.34022534894764844,-92.06,-88.31,71.57
4.882655301389929,2.141986369227707,0.30073623105436736,-92.17,-86.36,68.88
4.681665920351993,2.375090845283492,0.21903428962278607,-93.49,-89.18,70.33
4.431911314457844,2.319496570407643,0.2322854289833228,-91.71,-89.09,84.44
4.149425371197112,2.27749840702876,0.25085352844831205,-94.45,-90.24,67.19
3.857717440680887,2.247354584464736,0.2618698871340451,-92.06,-88.56,69.3
3.5748923292373505,2.22321521517221,0.26428646023359015,-92.27,-86.44,66.55
3.241818663988325,2.154755289145561,0.30393340452379064,-90.06,-85.28,85.72
2.982293026968418,2.1535514209551305,0.28538227689913315,-88.95,-83.91,62.46
2.6243532267962113,2.1140670391606258,0.3162718877582936,-85.7,-81.38,82.11
2.3154464357889437,2.0824808629675418,0.32337514979336657,-85.1,-80.82,82.91
2.0243373855808415,2.0649299078713317,0.31483596220293786,-84.23,-79.87,87.55
1.7043310915052636,2.0433307398156675,0.3243068916166496,-79.98,-76.36,91.71
1.3628086895246208,2.040981545747076,0.3192314624659963,-79.68,-76.62,88.76
1.0337434628114148,2.0229693631501955,0.3035547013609212,-78.35,-75.66,82.5
0.75411335495809,1.9876036289240697,0.2953912144027261,-81.21,-77.06,78.33
0.4026510492441783,1.9620627273996882,0.2878903577831609,-79.78,-75.81,75.89
0.05716442618255513,1.9409698006052292,0.2733262810911659,-82.25,-77.0,69.36
-0.2810392847534905,1.8818876962338393,0.26666679897625445,-77.15,-73.55,82.64
-0.5911198792317062,1.8363142642006538,0.2752803768895852,-76.26,-73.55,91.06
-0.9292877877741398,1.7995928572200632,0.27264806485342447,-76.31,-73.17,83.81
-1.2689231144700468,1.7760163908073936,0.2704987514060331,-77.32,-74.36,75.34
-1.615849442281093,1.7415843825053512,0.2732979235686712,-78.9,-75.69,93.32
-2.192795370505662,1.7428291216246878,0.24928614642351477,-80.68,-76.79,73.12
-2.516742420439458,1.7382707205825187,0.23585399086506603,-82.06,-78.01,92.66
-2.854568199919929,1.6960785040085504,0.23550619304976866,-90.52,-85.32,78.65
-3.1457175696605906,1.6149231010053273,0.2741601160991783,-88.37,-82.13,67.54
-3.5134275681791785,1.5695358180580392,0.2784355506690541,-89.13,-81.8,55.82
-3.845510084572144,1.507950893265138,0.29794623785706953,-86.69,-81.7,80.52
-4.129813442321611,1.4814901096906266,0.2780805797505687,-85.22,-81.56,84.69
-4.431483968129196,1.4251746765392739,0.30517363564459077,-86.16,-82.35,103.05
-4.98488161186914,1.4318388262307815,0.291913426088954,-86.74,-83.04,83.4
-5.2509322289684155,1.4432925447740856,0.23318813763912077,-87.86,-84.17,59.46
-5.580744662503388,1.6468292661289212,0.20954746099447785,-91.76,-85.25,60.11
-4.281644832355658,2.278027630576931,0.15503509234087914,-96.3,-91.63,66.43
-3.3784521684016635,2.2872149925113963,0.1503814318331053,-94.74,-88.48,47.29
-2.3505160186823746,2.273500512953205,0.15374077808348716,-91.37,-86.45,68.53
-2.097308523727835,2.278095035748576,0.17681230950287952,-88.57,-84.44,78.95
-1.716746463644684,2.2675845752417447,0.1502043362493212,-89.79,-84.42,70.9
-1.421073419824722,2.2624422420663937,0.1527894630973305,-86.99,-81.73,76.71
-1.2111840257449977,2.265130855571563,0.14522067971192207,-83.01,-79.2,74.44
-0.655552135267247,2.3045822108776464,0.16016600614581808,-78.86,-75.0,94.43
-0.2274631238425378,2.3329641698503503,0.13411747391884285,-79.1,-73.71,73.6
0.4267494602355441,2.366445460025618,0.1519379101313987,-79.81,-76.28,89.98
0.6785131846712186,2.390606739767286,0.13693845585968292,-79.23,-76.73,83.54
0.8807228451029881,2.401881363093876,0.13449437249931412,-80.72,-77.08,94.87
1.428917944323123,2.4062030645827326,0.15522376538005583,-77.71,-75.12,71.12
1.7856086277619339,2.412694684407854,0.16808210453325195,-79.15,-75.41,88.45
2.2187464659652583,2.4663796539204346,0.14486764610397498,-82.41,-78.25,81.25
2.5249318556039535,2.471975945560973,0.15672681788390003,-86.28,-81.41,74.38
2.793812736041706,2.5124048418462492,0.17846171737310346,-86.71,-80.9,70.58
3.0917044474083744,2.5437745108901586,0.19234325147460615,-86.59,-81.71,90.47
3.4674379792337344,2.562282369597117,0.18126178708178334,-88.06,-81.86,89.67
3.7715325755861113,2.576924077404434,0.17221063749558477,-90.16,-84.24,77.9
4.008899105855306,2.6444949619802327,0.1985482703080579,-91.22,-87.07,75.27
4.2537444097549075,2.7453385962058254,0.17383093911676661,-90.02,-85.48,69.35
4.594038409245528,2.735089669831199,0.19545376074275955,-93.21,-88.65,80.57
4.947633379770721,2.7090844129513942,0.24660231324008497,-93.85,-89.58,77.89
4.499178618791968,2.519285658734452,1.5551580784176224,-91.0,-87.79,73.41
4.083388263442242,2.5574946448068556,1.6086134534123362,-91.98,-80.82,35.08
3.8741474019453275,2.5553103397722046,1.6299981160640382,-89.87,-83.21,69.22
3.577151240468606,2.608976192628027,1.6188655002108556,-87.64,-81.63,95.91
3.2416535729400175,2.6473614239922814,1.6320670744252816,-84.63,-80.27,97.4
2.920833671959087,2.656011620615743,1.6249897107309303,-83.71,-77.29,82.75
2.5949555810587737,2.610622705322763,1.6287360753206925,-79.82,-76.68,98.17
2.3017607091492422,2.6274661583519676,1.6254791408156715,-80.3,-76.24,108.61
1.989648724203578,2.6295991948303143,1.6386119392063627,-80.56,-76.45,82.94
1.6874692352229976,2.62029770371887,1.6579962903470093,-80.78,-76.02,69.65
1.375541137509902,2.65356982105131,1.6086338841330474,-83.42,-77.99,95.56
0.9669706889013869,2.6356904869457654,1.6063316828568812,-84.86,-79.97,90.83
0.710206342156545,2.671864743307632,1.640412701142251,-88.98,-81.39,75.64
0.2894225656734932,2.6575660846510742,1.6321679173676373,-88.02,-81.6,80.48
-0.02295065846400143,2.614227872164818,1.638694560554097,-89.51,-82.08,81.84
-0.3666703235417382,2.645827156359942,1.6152452210224029,-87.13,-82.41,81.21
-0.7280871617238195,2.684916441416443,1.633718935338231,-81.35,-79.29,98.63
-1.0903815509873342,2.6036922089296493,1.6142582386887905,-85.81,-81.79,76.1
-1.400676982366969,2.541340067308828,1.611753683553695,-80.13,-75.91,72.12
-1.70745334550535,2.5375974447430925,1.6031056668073258,-84.22,-78.25,64.82
-2.1022539968970846,2.518090822911788,1.6184104611869679,-89.81,-82.49,70.48
-2.4341174626850988,2.4727338758217043,1.6082774434282043,-89.12,-81.93,58.98
-2.790612948010697,2.460180468509349,1.6069279644060628,-92.04,-86.59,67.48
-3.132438585861678,2.4898934528704606,1.6006997588141163,-93.22,-88.13,75.07
-3.465741468988899,2.5120469863843606,1.6160677368618488,-94.24,-90.34,73.65
-3.8017723966793504,2.49387273451356,1.6017193863045858,-93.13,-90.26,60.9
-4.137407197567571,2.507601085138197,1.5919619798804823,-92.78,-90.02,84.67
-4.446707808264965,2.524224783456483,1.5741952031672577,-91.34,-88.65,72.49
-4.7864141126746205,2.525743593735891,1.5775458362568526,-91.21,-87.89,75.46
-5.06434859242254,2.4713523063377414,1.5634287515464627,-91.37,-89.03,72.21
-4.7337039586330185,1.374134176437012,1.5989037623614044,-92.95,-89.88,70.9
-3.913085273011236,1.2513092112918596,1.5998337467002666,-100.28,-90.59,25.34
-3.5814784996956885,1.266599626275418,1.5799186448667926,-101.69,-90.4,26.16
-3.317295289360398,1.2607928306432752,1.5821433907341484,-99.08,-90.41,43.87
-3.0117318894689333,1.2420939891741036,1.5697920975177413,-94.79,-88.76,41.41
-2.648532413608399,1.1702525960424235,1.5811358931760746,-94.19,-86.46,54.07
-2.2865839663490024,1.1565542964125406,1.5738588238234128,-88.87,-84.16,68.8
-1.830495756859448,1.2171890037842057,1.5546005202116704,-84.15,-80.71,75.88
-1.5481176628496334,1.1787327172523014,1.551193899823704,-80.4,-76.79,84.3
-1.198030539165157,1.2837628161786239,1.554822398129347,-86.31,-80.54,62.68
-0.7872324351741797,1.4282413237184448,1.5031818369690741,-79.67,-77.34,95.52
-0.44933251398317753,1.422548691758137,1.5213794635245808,-86.68,-79.37,58.15
-0.12762990323789755,1.3634373355289204,1.5815274509911401,-91.53,-82.54,19.95
0.2301446227322791,1.4143091972677158,1.5526853557906124,-92.69,-82.3,55.69
0.5230623921863014,1.4124561813758167,1.5459017730432585,-86.9,-80.33,81.17
0.7554125006192628,1.5036354653015305,1.5608519273428654,-81.63,-78.84,93.56
1.0322544545130259,1.5031545060604226,1.5573947844443048,-77.88,-75.55,81.54
1.341753330258356,1.4988871765542002,1.5870898959725221,-78.88,-74.19,66.12
1.6224329651805536,1.5661318366447652,1.5743437087416372,-77.5,-73.82,70.45
2.0806174561486452,1.6927442465631986,1.571068361521946,-82.52,-75.54,78.42
2.377247172188934,1.654659316738247,1.5765415993635747,-84.1,-78.45,99.16
2.6504457233998657,1.674595870519009,1.5856450955254342,-85.38,-79.04,62.54
2.922110415133945,1.7114242463498637,1.5805310986737362,-84.44,-79.83,57.52
3.2372414927064543,1.7826135470036992,1.5901976382509113,-88.24,-81.86,84.5
3.7044205214602903,1.7850284330577684,1.5700824021620854,-88.25,-82.55,79.69
3.9833315595587693,1.820042340145237,1.5475944882970798,-87.13,-81.95,63.03
4.218781760276777,1.8451690800207043,1.5566176420494469,-86.36,-81.11,68.99
4.480707150127283,1.8760089688192703,1.5304318386508542,-88.83,-84.41,64.53
4.697298341247659,1.8055995831771523,1.535483834308979,-89.78,-86.6,74.86
5.017680346544679,1.6395884567566226,1.4998585953027572,-90.1,-86.45,77.99
5.052646891052355,1.6115728614987612,1.5128981573656857,-92.05,-87.24,71.48
5.025621358724924,1.5351069370064576,1.5173771463779118,-94.84,-88.93,44.08
4.991329532454013,1.41733556897594,1.5345971942804424,-93.36,-88.8,67.36
4.95999725756233,1.3574707186581068,1.529483082164742,-91.41,-85.44,65.8
4.806412223514171,1.355232184078651,1.5367717588156327,-89.72,-85.98,65.3
4.328598372201736,1.2907451956135723,1.5486788163445702,-90.78,-87.65,77.12
3.999374340690245,1.2729133620436015,1.5319290194169626,-88.64,-83.06,70.44
3.669870567543031,1.24954288627693,1.5537766729650495,-88.72,-83.49,65.4
3.0896998013380776,1.3035694014681314,1.542449954221064,-85.62,-80.54,83.25
2.763201755496114,1.2855880280149177,1.543377406813544,-87.46,-79.57,75.32
2.449321921705378,1.2625901080744217,1.54691050682166,-82.01,-77.21,86.53
2.0991244382617746,1.2571042931312693,1.5321174186805087,-87.07,-79.88,81.76
1.7471739946234457,1.2500544880545263,1.5227929846846116,-80.96,-76.0,73.04
1.40231070029014,1.2578023597008772,1.5151164021690402,-78.72,-73.11,69.4
1.0903167351973202,1.263677967341108,1.53212240638961,-76.7,-72.8,74.7
0.7544442141114378,1.2808500326640282,1.5135077584329346,-74.6,-72.04,85.04
0.4590778583183549,1.2926684285869414,1.5160541065745488,-77.54,-75.29,77.74
0.1016618237146554,1.2900024691367966,1.5124411669664637,-86.06,-77.86,77.01
-0.21421177621327225,1.272070371745337,1.5171545333933734,-77.79,-73.42,85.47
-0.533819440534282,1.2640505255893149,1.5140061063107075,-87.19,-82.13,102.77
-0.9191740611871037,1.2529399964097665,1.5299612095484392,-80.51,-76.79,77.52
-1.3020158353017715,1.1954564317662808,1.5408888696509437,-97.09,-84.96,27.26
-1.6367089180548056,1.208201892797049,1.5534091413753661,-95.62,-86.41,33.23
-1.926111546151803,1.2355628500649576,1.5621579408607256,-79.92,-76.55,100.24
-2.1739693568417278,1.2387154583105522,1.5829802851304775,-103.41,-89.16,23.69
-2.456014677515201,1.208254197503382,1.5785589647434273,-102.37,-90.18,31.81
-2.668066588829653,1.0928845433913963,1.5976470644900713,-94.09,-87.79,52.61
-2.89877212761039,1.0348486824130485,1.5520603666020012,-87.99,-85.03,76.56
-3.174037316520987,0.9539212513874668,1.5458784501292473,-86.4,-82.33,96.55
-3.498467627797086,0.9000828910638772,1.5334078782126366,-84.81,-81.51,72.74
-3.764459917061313,0.82478366060061,1.5326520122807112,-83.89,-80.62,70.44
-4.26841379904248,0.7056254192403003,1.5225637297966013,-83.41,-80.07,76.51
-4.592219358865656,0.68886066884254,1.5146412322784197,-83.24,-80.1,86.16
-4.85480104343993,0.5755078686925881,1.5269896106239578,-83.7,-80.96,93.7
-5.08912312995985,0.4710972330876447,1.5171585917650785,-87.04,-83.84,69.94
-5.3222247957742885,0.40922988474651445,1.5071826621536621,-87.97,-85.18,98.64
-5.532272008300919,0.3691228888825107,1.5191028902179982,-92.98,-88.98,79.31
-5.655486351204752,0.2787135173158163,1.5150265285098423,-95.72,-90.12,61.19
-5.728663697660089,0.15283576819182818,1.4864769225834382,-98.57,-91.23,55.24
-5.76762902664237,0.11553291304736567,1.4658104675880599,-96.97,-91.77,57.89
-5.834409644501941,0.10897722311943309,1.4585001418062362,-90.21,-86.59,78.4
-5.935937701299903,0.08866447104345185,1.4794605553822027,-89.86,-86.6,91.63
-5.929810995304775,0.05877789113492896,1.4884935132737118,-89.42,-86.67,75.26
-5.742937771371365,-0.04105376122808726,1.486138979414833,-84.1,-82.15,105.46
-5.530983354027496,0.0032520778676905946,1.4822538295004375,-93.28,-89.23,50.0
-5.297759154051759,-0.035407536216144724,1.4842430158993378,-92.43,-88.77,68.36
-4.995069095398261,-0.23249478847169852,1.5076426164330565,-93.38,-88.89,78.67
-4.6690571389314695,-0.28733323782322306,1.4992530731990752,-89.54,-86.76,88.34
-4.273445374626583,-0.28941543233368694,1.5296093286807353,-89.28,-85.49,80.1
-3.9279107692012585,-0.23681119288271235,1.5253308299240411,-91.55,-87.58,66.06
-3.605513474123355,-0.18872451442608185,1.5308996660376217,-90.14,-85.36,81.49
-3.2819561153132923,-0.1473859660877159,1.5199066239470698,-89.9,-84.76,45.68
-2.9138385548045473,-0.10536902745704313,1.5536659072109182,-88.06,-82.96,91.41
-2.6307460875873305,-0.08567284660739403,1.532988014930154,-83.49,-80.64,95.97
-2.3040272366887034,-0.04452232050103582,1.536218625257672,-84.7,-80.77,74.6
-1.951706336193847,-0.044274857947940296,1.531128488799781,-89.34,-81.07,83.57
-1.5705987670240713,-0.027430619115283682,1.5427246319475518,-85.01,-78.6,77.46
-1.2506848981649412,0.023032406819005993,1.5159109169593206,-79.63,-76.83,88.4
-0.9264327280701982,0.08643892434666905,1.5201928276614818,-90.87,-79.02,53.94
-0.6280390674166778,0.08721000408170755,1.5123170500578782,-79.25,-75.97,68.38
-0.2655705833083214,0.10930239952138503,1.520899624046608,-79.91,-77.31,89.26
0.03459346416981026,0.15070320068964924,1.5038349158085946,-74.56,-71.99,72.7
0.3403306447330778,0.1997297733419141,1.5282460994116775,-75.52,-71.79,71.37
0.6610557141962602,0.22959856563651215,1.5186091330921523,-75.01,-71.28,81.01
0.999101920895388,0.20460830177562833,1.5299563050574805,-80.14,-76.16,78.45
1.3569909368367394,0.22835992749317802,1.5196784790603857,-86.7,-79.91,73.44
1.6912297265420388,0.2539776315469558,1.52773056812736,-87.04,-79.37,54.32
2.0064543799912187,0.25173137107034654,1.5292058751347177,-87.59,-80.66,90.22
2.340292027858003,0.23126901279580045,1.5705893633343988,-92.38,-84.4,49.12
2.6516594345715725,0.23810055727157362,1.5620873196195744,-89.25,-83.44,80.75
2.963131209998484,0.2682508077137465,1.556498396401132,-85.09,-81.36,84.99
3.4130505689456125,0.23075147496967005,1.5485981328078882,-88.29,-82.38,77.54
3.6887457781467243,0.3034407223148031,1.5367734684319845,-90.06,-86.17,77.05
3.915783270588705,0.4209921048887426,1.5481836698876008,-89.06,-85.57,75.96
4.181747315875909,0.4773427838929253,1.524114568673596,-93.2,-87.88,20.43
4.462392925123897,0.4267180310401618,1.5283306616664378,-93.62,-88.41,26.3
4.734624118451404,0.45892058165323496,1.5175139617073046,-98.23,-89.69,28.01
4.943174311449987,0.49552794092333147,1.540074676802995,-91.85,-87.3,59.46
5.136035802072517,0.4366313927056798,1.4962206741556845,-89.61,-86.73,70.94
5.239809591575052,0.23040483714351515,1.5108333777512122,-87.13,-83.41,99.07
5.2349887428625825,0.13849247447170782,1.4899208034366176,-88.12,-83.67,87.77
5.245962897108364,0.018735302184390384,1.4996778966654314,-90.89,-88.39,92.29
5.2338227797576575,-0.01908111741238711,1.5069634344918545,-90.5,-88.36,87.48
5.047008923860874,-0.06790824087293493,1.5101482736441247,-90.32,-86.42,81.17
4.760736977903738,-0.153586528049206,1.530445331444361,-85.88,-82.61,87.78
4.491412126652135,-0.21069859660622964,1.5195354831957,-82.42,-78.82,94.37
4.292631157519657,-0.2208072337093872,1.5073642228714763,-83.77,-79.75,95.08
3.825766543596206,-0.22094547414729102,1.5345328509147431,-78.05,-76.3,71.6
3.586801326216928,-0.20006698327341688,1.5224068841674199,-80.17,-77.09,88.39
3.2145023545829687,-0.20993983022133123,1.530471205739465,-83.23,-79.48,79.35
2.9382242853109966,-0.20952664146095354,1.5149598580092347,-81.69,-77.97,78.19
2.5989694773624015,-0.21798019602018556,1.5410638982154565,-82.24,-79.6,68.62
2.3268307041074427,-0.24133804674950693,1.5314401638572253,-80.32,-76.01,91.79
1.9727516580982176,-0.28649066554300434,1.542365800462031,-76.22,-73.76,88.8
1.6462100820408914,-0.2797279070319983,1.5023134526840909,-76.26,-71.83,76.54
1.2761729512945963,-0.2679621562543513,1.5276141958915737,-75.23,-72.87,84.81
0.9603967093760487,-0.2607943062618162,1.5259681588038236,-79.77,-76.93,85.08
0.6367992572586506,-0.26139488896890634,1.5334972570881482,-88.18,-77.56,70.02
0.29435425591883757,-0.265563558196852,1.5027898278994587,-78.07,-74.78,77.47
-0.03787407162336413,-0.23841003894571294,1.5284974364392554,-73.06,-70.3,78.11
-0.37984259602915404,-0.22549695845951115,1.5046428569298074,-77.81,-74.39,73.25
-0.6926528946478456,-0.22589110606276863,1.5149684300237236,-76.35,-73.44,78.97
-1.0221792435917059,-0.27399318380105586,1.4953708086262414,-88.52,-81.35,67.31
-1.2905365250161203,-0.30667562472838333,1.5177782688284909,-82.9,-74.19,71.47
-1.8736393014459793,-0.4475944005040689,1.5433687706990142,-77.44,-73.55,75.55
-2.232332368344119,-0.5088206506682381,1.506153815193891,-76.43,-73.41,84.37
-2.535158177753878,-0.5149423789695747,1.5209497563120784,-74.66,-72.86,83.35
-2.8546230992556914,-0.5402704733008262,1.504118721464126,-75.73,-73.21,88.44
-3.1457768243145456,-0.5927864113907813,1.5117385953403355,-76.83,-74.88,81.67
-3.4632898984705727,-0.6440520044782208,1.494024184170844,-78.92,-76.5,71.27
-3.7905145429405325,-0.6587784927975618,1.4983624149837569,-77.83,-75.33,93.79
-4.146920472496838,-0.6713203265193456,1.4936215475612153,-79.12,-76.16,81.8
-4.404326690153064,-0.6954537538332384,1.4998394517183435,-79.23,-77.07,80.47
-4.7355890234392914,-0.7681518655453657,1.4781328024492113,-78.16,-76.13,88.17
-5.0126682642533655,-0.8169866504223292,1.4835691770507184,-82.84,-79.12,66.97
-5.250884430798902,-0.8711548397521,1.458901886782121,-84.57,-81.05,58.55
-5.4015447216362125,-1.0134030134749468,1.4699771616891284,-84.0,-81.55,86.3
-5.606556265733549,-1.147103678192258,1.4391356324077533,-86.2,-83.29,80.36
-5.930018764970012,-1.3140245356629408,1.44800041626232,-92.84,-89.58,79.37
-6.05964696441847,-1.4675401076319137,1.4476270734100822,-93.82,-89.12,81.21
-6.184090336244023,-1.5098228129211162,1.406296948002364,-92.42,-89.35,87.94
-6.239009102786775,-1.4486682866374743,1.4185250924721948,-96.33,-90.81,67.12
-6.321643134820989,-1.4590473719250305,1.460090369665772,-94.88,-91.16,75.33
-6.104351720819608,-1.5366167936268558,1.4890898192634967,-97.67,-91.81,62.68
-5.872666251593914,-1.5694271064975789,1.5147714345435677,-94.84,-89.0,64.22
-5.634011496363249,-1.589576403372266,1.494140437591794,-91.97,-87.8,63.91
-5.315459090714024,-1.5500719484364296,1.5072648115477367,-98.16,-89.57,39.22
-5.045683130344856,-1.5386325375303,1.491496468566217,-97.38,-91.28,58.02
-4.487196274930058,-1.5050567311629595,1.5142879554360689,-94.42,-89.59,64.28
-4.186554581098332,-1.4442270063883016,1.524826562732577,-90.27,-86.14,93.08
-3.8562347673901627,-1.4060813583616585,1.503514539889061,-90.38,-86.21,89.33
-3.5312743111859617,-1.3890530430011632,1.5122974082504355,-89.42,-84.88,89.42
-3.23493100364768,-1.3685896906902906,1.5252418323775416,-94.16,-89.2,75.1
-2.907810146420347,-1.318186944481606,1.519278922250289,-91.69,-85.37,53.07
-2.543827945484344,-1.3084077595523658,1.5095901728160321,-89.35,-85.34,77.77
-2.2376156141794885,-1.3320624495966826,1.5329558407117339,-89.72,-82.45,71.87
-1.882211859908318,-1.2906521270177338,1.5167016977160037,-95.44,-84.51,22.39
-1.5784403852516595,-1.2606497438212825,1.5263570617449573,-89.69,-82.14,59.02
-1.2330085000768192,-1.2526601590011757,1.5076046350664283,-83.23,-79.22,78.7
-0.9060610785530014,-1.2957911277301941,1.51534159537227,-76.98,-73.3,75.07
-0.5847127429775376,-1.2995686787601446,1.5144164339836237,-74.14,-70.5,76.98
-0.22684914256196795,-1.2569342588965149,1.5235528169361992,-80.63,-74.95,77.8
0.13391290416914067,-1.243317013595631,1.523137288176396,-88.72,-83.9,105.23
0.4272126818928904,-1.243995395962923,1.52200163634658,-83.99,-79.72,91.75
0.7846816999239494,-1.2055199823431981,1.5326919048922203,-86.92,-80.44,55.72
1.11297925716882,-1.192447330286052,1.5384673864852372,-81.8,-73.35,59.83
1.4995930456177426,-1.1832785021273275,1.520484170216828,-92.4,-86.56,68.8
1.8397512395203783,-1.1802568437632217,1.5278194937846823,-89.89,-81.01,58.8
2.1842687669964467,-1.1890188053787492,1.536800908783243,-99.07,-88.79,26.98
2.7423379610448495,-1.14936593291888,1.5524549564537726,-99.53,-89.51,29.06
3.064336646380876,-1.0970985677278908,1.5165279438373844,-98.16,-88.6,39.59
3.369628876992733,-1.0439640092437492,1.5384423230020499,-105.56,-90.78,15.29
3.631200401572834,-0.946750774855769,1.5120636601729256,-108.6,-90.69,15.6
3.904555902861014,-0.8612332529393651,1.5255385827368484,-91.88,-89.15,75.73
4.194738087963955,-0.7796690374641077,1.4976776627236144,-89.87,-87.58,69.87
4.463644982933024,-0.7160486522641307,1.5125795213731508,-85.38,-82.62,85.04
4.852419978736008,-0.5875666033321041,1.5148929706162297,-85.03,-82.48,79.62
5.067154589478011,-0.5464442544805317,1.4813629831270032,-92.17,-86.93,63.83
5.252798868953339,-0.6314985061877817,1.4829502356124145,-103.17,-89.26,17.31
5.4087974443172095,-0.7214893238201125,1.472855061672972,-96.85,-88.19,30.12
5.469955725402288,-0.7575463474807674,1.5051098110314811,-89.41,-85.91,83.13
5.514748267581957,-0.8359608032916037,1.4825922179114495,-89.64,-87.17,89.32
5.527882766513405,-0.9004296884215408,1.50215947172829,-91.82,-88.72,62.93
5.454382310490708,-0.9742482209479587,1.4993639990770404,-91.61,-89.47,71.69
5.27617138170595,-1.0753977302316526,1.497886485447682,-90.02,-87.19,75.26
4.935293781171419,-1.1838795167291387,1.4832154682830403,-89.68,-85.28,66.99
4.594671533589222,-1.1992570978139654,1.5120940987765736,-85.29,-80.63,72.18
4.302734843397769,-1.2204111817634076,1.50942978711764,-87.78,-83.84,90.41
3.809666706557707,-1.2946528296562914,1.501519984374723,-82.7,-78.36,72.3
3.4620968300937967,-1.2821378084078727,1.5370022198358757,-78.91,-76.01,80.31
3.0861219507847535,-1.254715745344984,1.5305610705832697,-84.61,-81.21,68.96
2.7478713123616414,-1.253487419357696,1.536831776323337,-92.3,-83.64,46.43
2.39913736228083,-1.2583818376601168,1.507817865010394,-91.53,-87.13,79.15
2.059084574785077,-1.2577857966239097,1.5310040994485772,-86.85,-81.37,79.34
1.7362883298752627,-1.2589392731880082,1.5180729751721125,-78.08,-75.69,66.1
1.3644219615176512,-1.2653306265794455,1.5294467341753926,-78.81,-76.15,89.57
1.0472408321228102,-1.250193953722942,1.5024307359901155,-74.83,-72.24,79.6
0.3643381892524318,-1.2308743804695577,1.508972756646696,-73.58,-70.31,77.83
0.005515865295371671,-1.2745705397077325,1.5106859404783322,-84.0,-77.89,84.45
-0.339571976645807,-1.323104439027801,1.4814331541860957,-74.24,-71.92,75.49
-0.7270473768992856,-1.3778228998741398,1.5012869563343962,-75.31,-71.11,74.49
-1.0391724549232375,-1.4055505436593356,1.5095904329245187,-74.9,-70.8,79.75
-1.4119740371197163,-1.451230000518364,1.5036343400909127,-75.12,-72.12,82.02
-1.939240869208543,-1.4900411448644388,1.5167736765663242,-81.08,-75.22,74.06
-2.3074360067233,-1.5106638197940818,1.509113617858779,-83.96,-78.71,78.4
-2.643208297709542,-1.5739200144990373,1.505918403344447,-81.67,-78.24,102.71
-2.970230828748771,-1.6174020243664808,1.4913098573102317,-81.21,-78.19,92.97
-3.3279382932913895,-1.6330841277420416,1.5044003385960483,-82.14,-78.8,99.17
-3.647658811671323,-1.6748656724556616,1.503709520269833,-80.27,-78.08,75.81
-3.982062048099985,-1.7287425410651682,1.4991584351434613,-82.05,-78.41,78.84
-4.328144437719187,-1.7380715612945197,1.4682884998691212,-80.34,-78.0,80.15
-4.621354117837167,-1.7217493470442848,1.4907046760396476,-80.48,-77.84,96.87
-4.821897001765252,-1.7551137120499765,1.4790249663989872,-83.42,-80.41,80.56
-5.037384875081473,-1.8253714954492273,1.492359927848617,-81.12,-79.94,73.22
-5.240013728981732,-1.8369633487412098,1.479737660140873,-86.19,-82.31,71.89
-5.394124837805083,-1.9203482240930176,1.495939463558105,-87.59,-83.53,64.49
-5.54491271264704,-2.079426810488761,1.4845501787560034,-87.26,-85.08,100.22
-5.65438720389641,-2.272920598662228,1.468929217817423,-94.25,-89.81,56.2
-5.748378226913368,-2.393742966495249,1.4646728995185316,-92.23,-89.65,71.19
-5.846580149906102,-2.4481392893258045,1.4654966763954402,-94.34,-90.25,82.39
-5.924788717353044,-2.4817261329381672,1.4633708471933207,-97.35,-91.08,52.52
-6.040211801996946,-2.559702888652751,1.4784703072102565,-92.99,-89.83,87.75
-5.998878725817522,-2.5616663299105817,1.4949254539743349,-100.03,-88.99,12.9
-5.806707899866897,-2.6095078433771386,1.4842686108599434,-96.64,-90.43,41.92
-5.509615151449777,-2.659351605589195,1.5152800084668965,-93.75,-88.17,41.96
-5.282516312377492,-2.6613366181215987,1.5100937851124445,-98.31,-90.32,32.58
-4.961274016521435,-2.6823996908355934,1.517243856234846,-97.13,-89.32,40.35
-4.633745542103069,-2.7381474859895776,1.4938273646878748,-98.87,-89.45,25.43
-4.26478051251437,-2.781130799163855,1.5260571934933407,-92.61,-86.01,67.27
-3.9398073875939468,-2.763635023936915,1.513703365446349,-93.63,-88.01,62.71
-3.586430597699411,-2.7363624638062194,1.5224500527232387,-93.3,-88.35,60.47
-3.229591611499107,-2.720151388550703,1.5205814221893197,-95.73,-89.15,65.72
-2.834641899418216,-2.705302772485326,1.542807796605779,-92.09,-82.81,35.58
-2.4741892732613304,-2.659483300106137,1.5169187116182181,-95.66,-85.24,31.43
-2.1620394030818653,-2.614448888436024,1.5250834529149755,-92.83,-86.71,67.66
-1.7818055467319238,-2.6176810633145884,1.5284297825688564,-86.44,-80.53,88.79
-1.4000642098221114,-2.6326850733718272,1.5540747787105476,-84.42,-79.7,79.78
-0.9985820380666804,-2.610516948602108,1.5285340221627812,-90.25,-84.06,67.07
-0.6641165914656353,-2.5771415966960953,1.525734595194154,-87.19,-82.56,98.78
-0.2944200615333893,-2.5631867580255006,1.5249525555007424,-84.91,-81.64,84.34
0.31240959030463045,-2.581118922738177,1.5525685618681266,-80.92,-78.28,78.71
0.710626992825956,-2.560936692348388,1.5327790261224425,-79.55,-76.15,67.54
1.1069341863937159,-2.539015729968198,1.4725294823697705,-81.2,-77.67,88.25
1.6773248025086442,-2.587430596881343,1.5120352068898983,-88.44,-83.41,92.68
2.0130682747942177,-2.586603816844996,1.5337411480360141,-88.49,-83.97,73.19
2.3384257029027613,-2.623056486221101,1.5256717279850434,-92.27,-86.35,62.12
2.6844282866725058,-2.669336442882063,1.5634843842309483,-89.33,-84.98,78.08
2.99811616426336,-2.7003316690587957,1.553772424091878,-90.06,-81.99,81.25
3.3689171446907813,-2.722391285299006,1.5589952054947025,-89.06,-81.97,74.25
3.7000972435067427,-2.708886527570812,1.548223717818787,-92.2,-86.68,79.08
4.033845413243385,-2.6735606723083434,1.5685001586383571,-87.09,-81.95,75.81
4.348869200676011,-2.5937278584737378,1.5331742755579518,-91.2,-86.85,73.49
4.6400743177907415,-2.5205896149098677,1.5377903363814747,-88.45,-84.71,84.06
4.895483474626167,-2.479541473912199,1.5187759911994305,-94.53,-88.82,58.84
5.101761570898562,-2.3908679360384575,1.549964183956223,-90.46,-84.99,76.43
5.217036189535532,-2.2142627319890993,1.5412905605461902,-91.11,-88.24,82.73
5.2080965827911205,-2.0129768316007173,1.5266244567425191,-93.35,-89.39,71.33
5.099493833996714,-1.8403867025446563,1.4918899363543052,-91.82,-88.53,78.22
4.950340144628592,-1.7103555557734957,1.4686290449306696,-89.79,-86.51,77.94
4.8530245288123455,-1.7402772281651588,1.4784627476021457,-88.39,-85.03,89.61
4.769863134881958,-1.782476147325768,1.5157475937709706,-87.27,-82.97,89.84
4.688298360590625,-1.8152276136829946,1.4984361348785735,-83.77,-80.37,93.73
4.6188946280474354,-1.8688783710170749,1.4741200972431425,-88.98,-84.85,94.49
4.624433231692532,-1.8539503827947201,1.4534830307921052,-90.03,-83.31,68.82
4.6232097431540655,-1.8539321685791532,1.460681710897808,-91.91,-86.38,71.03
4.6148659278574335,-1.8997912649180453,1.4542684754685853,-94.14,-88.2,51.23
4.6192544822904456,-1.90661354426253,1.4537438776717435,-92.92,-85.58,64.28
